Title,Text,URL
"Duas pessoas perdem a vida em queda de avioneta ap√≥s perder a asa, em Bragan√ßa","As duas v√≠timas s√£o um conhecido empres√°rio de Bragan√ßa e um jovem piloto da TAP. A aeronave ter√° perdido uma asa durante um voo, este s√°bado, em Varge, Bragan√ßa.
As v√≠timas seguiam a bordo de um monomotor que se despenhou, este s√°bado ao fim da tarde, nas imedia√ß√µes do aer√≥dromo de Bragan√ßa. A avioneta tinha sido adquirida recentemente pelo Aeroclube de Bragan√ßa, ter√° perdido uma asa antes de explodir e cair sobre o solo.
As v√≠timas s√£o dois pilotos: Andr√© Bessa, de 26 anos, que come√ßara recentemente a trabalhar como piloto da TAP, e Hor√°cio Sousa, de 60 anos, piloto experiente e um conhecido empres√°rio de Bragan√ßa, propriet√°rio de um hipermercado na localidade.
A aeronave, um ‚ÄúULM Sport Cruiser‚Äù de dois lugares foi comprado em novo, em janeiro, e custou 55 mil euros.",https://arquivo.pt/wayback/20190319073554mp_/https://bombeiros24.pt/duas-pessoas-perdem-a-vida-em-queda-de-avioneta-apos-perder-a-asa-em-braganca/
Bruno Garcia tirou a vida √† mulher porque ‚ÄúO lugar dela √© em casa‚Äù,"Bruno Garcia tirou a vida √† mulher com quem partilha dois filhos. A rela√ß√£o deles j√° durava h√° 12 anos.
A companheira de Bruno Garcia, que apesar do nome aparentar ser portugu√™s, tem nacionalidade francesa, e era ‚Äúcompletamente apaixonada‚Äù por ele, mesmo com todos os maus tratos que come√ßaram por ser psicol√≥gicos mas rapidamente passaram para os f√≠sicos.
‚ÄúAs agress√µes viriam mais tarde‚Äù, explicou a mesma fonte, acrescentando que Julie se queixava regularmente que vivia numa ‚Äúpris√£o dourada‚Äù.
Segundo revelou a amiga de Julie, Bruno defendia que o lugar da mulher era em casa, a tratar do lar e dos filhos, neste caso dois, um de oito e outro de dez anos. As discuss√µes podiam come√ßar com coisas simples como um copo fora do lugar.
‚ÄúEle era contra ela trabalhar. Apenas p√¥de arranjar trabalho quando saiu de casa. Os √∫ltimos 10 anos dedicou-se apenas a eles os tr√™s, os filhos e o marido. Toda a sua vida girava em torno deles.‚Äù referiu ainda a amiga.

Bruno expulsava regularmente a mulher de casa, e a √∫ltima vez que isso tinha acontecido foi em setembro, e foi a√≠ que a mulher decidiu n√£o regressar mais a casa.
Os filhos ficaram com o pai, e o casal estava atualmente a negociar o acordo parental, at√© ao momento de Bruno surpreender Julie com uma arma, pr√≥ximo da casa onde ela atualmente vivia.",https://arquivo.pt/wayback/20190319073554mp_/https://bombeiros24.pt/bruno-garcia-tirou-a-vida-a-mulher-porque-o-lugar-dela-e-em-casa/
Jovem de 16 anos perde a vida em acidente de mota na A4,"Para al√©m da v√≠tima de 16 anos, um outro jovem, de 17, ficou com ferimentos ligeiros. O despiste aconteceu durante o final da tarde.
Um jovem de 16 anos perdeu a vida ao final da tarde deste s√°bado, dia 16 de mar√ßo, na sequ√™ncia de um despisto de mota na Autoestrada 4 (A4), em Paredes, no Porto.
De acordo com fonte dos Bombeiros Volunt√°rios de Paredes, a ocorr√™ncia deu-se no sentido Porto-Amarante, ao quil√≥metro 34,5 e provocou ainda um ferido ligeiro, um adolescente de 17 anos. A v√≠tima ligeira acabou por ser transportada para o Hospital Padre Am√©rico para receber o tratamento m√©dico necess√°rio.",https://arquivo.pt/wayback/20190319073554mp_/https://bombeiros24.pt/jovem-de-16-anos-perde-a-vida-em-acidente-de-mota-na-a4/
Moradora mora ao lado do cemit√©rio: ‚ÄúQualquer dia ainda entra aqui um funeral em casa‚Äù,"Habitante de Amares contra alargamento do cemit√©rio. Moradia tem agora vista direta para campas.
As traseiras do cemit√©rio de Bico, em Amares, est√£o, h√° m√™s e meio, ‚Äòabertas‚Äô para a casa de Rosa Fernandes. O muro de delimita√ß√£o foi demolido para o alargamento que a moradora contesta.
Rosa Fernandes garante que a Junta de Freguesia de Bico n√£o cumpre a lei do afastamento obrigat√≥rio de dez metros das habita√ß√µes e j√° deu entrada com um processo em tribunal. Quer travar o avan√ßo da obra. Mas at√© que haja decis√£o, Rosa e a fam√≠lia s√£o for√ßados a olhar para campas e jazigos sempre que saem √†s varandas. A Junta garante que est√° tudo legal.
‚ÄúH√° m√™s e meio que n√£o fa√ßo mais nada se n√£o chorar. Estou revoltada. Vivo aqui h√° 25 anos e fui informada pela imprensa local do alargamento do cemit√©rio. Um alargamento que praticamente entra pelas portas da minha casa e nem tiveram a dec√™ncia de falar comigo‚Äù, revela.
Rosa Fernandes n√£o se conforma com a decis√£o da Junta. Diz que, al√©m de ter tido uma ‚Äúatitude prepotente‚Äù com os confrontantes, a autarquia est√° a agir contra a lei. ‚ÄúSe n√£o deixarem os dez metros a que s√£o obrigados por lei, qualquer dia estou a almo√ßar ou a jantar no terra√ßo com a minha fam√≠lia e tenho um funeral a entrar-me em casa‚Äù, desabafa.",https://arquivo.pt/wayback/20190319072939mp_/https://bombeiros24.pt/moradora-mora-ao-lado-do-cemiterio-qualquer-dia-ainda-entra-aqui-um-funeral-em-casa/
"M√£e incendeia carro com filha de 10 anos l√° dentro e deixa carta de despedida, em Sesimbra","Corpos das v√≠timas encontrados dentro da viatura pertenciam √† m√£e de 41 anos e √† filha de 10 anos.
Um carro consumido pelas chamas foi encontrado ao in√≠cio da noite desta quinta-feira, dia 7 de mar√ßo, numa zona de mato perto de um bairro residencial, junto √† Lagoa de Albufeira, concelho de Sesimbra.
Os operacionais dos bombeiros foram alertados para a ocorr√™ncia e, enquanto extinguiam as chamas, depararam-se com dois corpos dentro da viatura. O alerta foi dado pelas 19:50 e para o local foram enviados doze elementos dos Bombeiros Volunt√°rios de Sesimbra, acompanhados por cinco viaturas, bem como uma Viatura M√©dica de Emerg√™ncia e Reanima√ß√£o (VMER) do Hospital de Set√∫bal, a GNR e a Pol√≠cia Judici√°ria.

Sabe-se que os corpos das v√≠timas encontradas dentro da viatura consumida pelas chamas pertenciam a uma mulher com 41 anos e √† sua filha de dez. O marido da v√≠tima encontrou uma carta de despedida da mulher durante o dia de quinta-feira e, por volta das 15:00, deu o alerta do desaparecimento da sua esposa e da crian√ßa no posto da GNR da Costa de Caparica.
De acordo com o que o marido revelou √†s autoridades, a mulher estaria com uma depress√£o h√° algum tempo devido ao facto da empresa onde trabalhava ter falido, deixando-a sem emprego.",https://arquivo.pt/wayback/20190319073554mp_/https://bombeiros24.pt/mae-incendeia-carro-com-filha-de-10-anos-la-dentro-e-deixa-carta-de-despedida-em-sesimbra/
Jovem d√° √† luz 45 minutos depois de descobrir que estava gr√°vida,"Emmalouise Leggate, de 19 anos, ficou chocada quando acordou com barriga de gr√°vida ‚Äì e deu √† luz apenas 45 minutos depois.
Emmalouise tomava a p√≠lula e diz que n√£o tinha ideia de que estava gr√°vida. Ela n√£o sentiu nenhum enjoo matinal ou desejo por comida durante a gravidez, nem nunca sentiu o beb√© a mexer-se, e culpou os per√≠odos que faltavam por estar a tomar a p√≠lula anticoncepcional.
A adolescente foi para a cama com uma barriga lisa e acordou na manh√£ seguinte, a 17 de julho, para encontrar uma barriga de beb√© cheia. Em 45 minutos, Emmalouise deu √† luz o seu segundo filho, uma menina.
Quando ela acordou e percebeu que a sua barriga tinha expandido imenso, Emmalouise ligou para a m√£e, Jackie Ford, que ligou para a av√≥ de Emmalouise, Louise. Louise levou o adolescente para o hospital e deixou-a estacionada do lado de fora enquanto corria para conseguir uma parteira.
Quando encontrou algu√©m, Emmalouise j√° tinha dado √† luz a sua menina, Ciara, no banco de tr√°s do carro.
‚ÄúO alto na barriga surgiu literalmente do nada naquela manh√£‚Äù, disse Emmalouise. ‚ÄúEu tinha acordado e e podia-se ver imediatamente que estava com barriga de gr√°vida.
‚ÄòA minha av√≥ s√≥ dizia ‚Äò√© definitivamente um beb√©, mas eu acho que n√£o est√°s pronta para dar √† luz agora por causa da tua altura‚Äô‚Äù.

‚ÄúNo momento em que entrei no carro, as contra√ß√µes vinham a cada dois minutos e, pouco tempo depois, rebentaram as √°guas. Acab√°mos de estacionar em frente ao hospital e a minha av√≥ s√≥ dizia: ‚Äòespere cinco minutos, n√£o podes esperar apenas cinco minutos?‚Äô E eu simplesmente n√£o consegui.‚Äù
‚ÄúO peso estava em todo o meu corpo, mais nos meus bra√ßos, pernas e rosto do que em qualquer outro lugar. A minha barriga nunca cresceu.‚Äù
Emmalouise e seu parceiro, Sean, descrevem Ciara como um feliz acidente, chamando-a de ‚Äúa melhor coisa que poderia ter acontecido ‚Äú, mas eles preferem n√£o ter mais filhos-surpresa.",https://arquivo.pt/wayback/20190411122908mp_/https://bombeiros24.pt/jovem-da-a-luz-45-minutos-depois-de-descobrir-que-estava-gravida/
"‚ÄúAssassinou a nossa princesa durante o sono‚Äù, m√£e de Lara quebra sil√™ncio pela primeira vez","Sandra Cristina, a mulher que perdeu a filha e a m√£e depois de terem sido assassinadas no Seixal h√° um m√™s, quebra o sil√™ncio e recorda os momentos de sofrimento que passou.
Passou-se um m√™s desde que Pedro Henriques tirou a vida √† sogra e √† sua filha, de dois anos, na Amora, no Seixal, acabando por p√¥r termo √† vida em Castanheira de Pera, localidade onde era natural.
Numa longa publica√ß√£o feita nas redes sociais, Sandra Cristina afirma que ainda n√£o tinha conseguido escrever por n√£o conseguir encontrar palavras para descrever a ‚Äútamanha beleza como ser humano‚Äù da m√£e e a sua ‚Äúgrandiosidade e generosidade‚Äù.
A mulher relembra as horas de p√¢nico, a raiva, o sofrimento, a ang√∫stia que a sua m√£e ter√° sentido ‚Äúat√© ao √∫ltimo suspiro‚Äù. ‚ÄúHoje tive um arrepio pelo corpo todo. Olhei para o rel√≥gio e eram 8h10m. Foi a essa hora que tudo aconteceu mamusca?! Fui √† janela e o c√©u cinzento come√ßou a descobrir o sol‚Äù, escreve.
‚ÄúO meu c√©rebro tenta diariamente visualizar como tudo aconteceu. N√£o tenho a menor d√∫vida que aquele cobarde te disse que estava ali com a princesa para que lhe abrisses a porta, pois n√£o era suposto deix√°-lo entrar em casa.
O teu grito, o √∫nico grito que os vizinhos dizem ter ouvido‚Ä¶sempre achei que fosse da dor que sentiste enquanto a l√¢mina pontiaguda da faca te perfurava. N√£o, o teu grito nao foi de dor, n√£o lhe ias dar esse prazer‚Ä¶ O teu grito foi do susto, da fra√ß√£o de segundos de intervalo entre aperceberes-te que ele estava armado, at√© dar o primeiro inevit√°vel golpe por te apanhar desprevenida.
Cobarde‚Ä¶ psicopata‚Ä¶ lobo em pele de cordeiro‚Ä¶ como muitos que andam por a√≠, alguns at√© bem perto de n√≥s.
Sei que n√£o te deste por vencida. Tentaste lutar uma luta desigual. Tentaste-te defender e evitas-te que fossem mais profundos certos golpes que tinhas no rosto. Mas o que mais me d√≥i √© saber que sofreste‚Ä¶ e muito‚Ä¶ √â saber que aquele monstro depois de te ver indefesa, ca√≠da no ch√£o, num lago de sangue, ainda fez quest√£o de aguardar uns bons minutos s√≥ pelo prazer de te ver sofrer‚Ä¶ ainda deve ter esbo√ßado um sorriso, proferido algumas palavras atormentantes e depois sim, deu o golpe final!
Deve-te ter dito que a nossa princesa estava sem vida. Ele sabia que davas a vida por ela, mas quis que soubesses que a tua luta, a nossa luta pelo bem estar da menina tinha sido em v√£o. Mais do que isso, quis-nos culpar pelo falecimento dela.
Mamusca at√© sair o resultado da aut√≥psia irei continuar com a ideia que o monstro assassinou a nossa princesa de madrugada, durante o seu sono, provavelmente dopada com algum medicamento, para que n√£o abrisse os olhos e n√£o tivesse consci√™ncia de quem lhe estava a fazer mal. J√° a trazia sem vida quando aqui veio. Assim, se por algum motivo os seus planos falhassem, o principal estava feito.
Mamusca vou dignificar o teu falecimento, o vosso falecimento. Leve o tempo que levar‚Ä¶
Sabes, hoje as duas pessoas mais importantes da minha vida estiveram em simult√¢neo comigo no cemit√©rio. N√£o sei porque raz√£o hoje, s√≥ hoje, faltaram-me as palavras. Nao sabia o que te dizer, houve muitos momentos de sil√™ncio , l√°grimas em sil√™ncio ‚Ä¶ com voz no cora√ß√£o. E nesse sil√™ncio o sol que tinha ficado encoberto pelas nuvens regressou.
Escrevi, escrevi, est√£o aqui tantas palavras mas, na realidade, ainda n√£o foi desta que te escrevi. Tu sabes‚Ä¶ Amo-te‚Ä¶ Amo-vos.‚Äù",https://arquivo.pt/wayback/20190319073554mp_/https://bombeiros24.pt/assassinou-a-nossa-princesa-durante-o-sono-mae-de-lara-quebra-silencio-pela-primeira-vez/
Menina de 5 anos em estado grave ap√≥s ser atropelada em Albufeira,"Crian√ßa de cinco anos foi transportada com m√°xima urg√™ncia para a Unidade Hospitalar de Faro.
Uma menina de 5 anos foi, durante a tarde desta sexta-feira, dia 15 de mar√ßo, atropelada por um ve√≠culo em Santa Eul√°lia, Albufeira. O alerta da ocorr√™ncia foi dado pelas 18:17 e, de acordo com fonte dos bombeiros, a menina foi colhida por uma viatura ligeira.
A menina foi transportada com a m√°xima urg√™ncia para o Hospital de faro com ferimentos considerados graves. A av√≥ da crian√ßa, uma senhora com 80 anos de idade, tamb√©m teve que ser auxiliada pelos operacionais de socorro ap√≥s ter ficado em estado de choque com o sucedido e ca√≠do desamparadamente no ch√£o.",https://arquivo.pt/wayback/20190319081656mp_/https://bombeiros24.pt/menina-de-5-anos-em-estado-grave-apos-ser-atropelada-em-albufeira/
"Casal adotou 3 filhos de uma amiga falecida, mas quando voltaram para casa a antiga casa tinha desaparecido","Esta m√£e decidiu cuidar de tr√™s crian√ßas que ficaram √≥rf√£s depois da sua m√£e delas perder a vida v√≠tima v√≠tima de cancro, contudo, o que ela n√£o esperava foi a grande recompensa deste ato.
Audrey era uma m√£e solteira que passava por um mau momento, por isso, sem entender o que se estava a passar com ela, foi a um hospital para fazer exames, mas antes disso, ela deixou os seus tr√™s filhos com os vizinhos, embora n√£o convivessem muito, eles aceitaram.
A sua vizinha, Tisha, tinha cinco filhos, e vivia numa casa pequena, mas n√£o recusou pois Audrey era uma boa pessoa, sincera, e precisava de ajuda s√©ria.
Ap√≥s uma s√©rie de an√°lises, Audrey estava muito nervosa, e o pior veio mesmo a confirmar-se. O diagn√≥stico identificou a mulher com cancro no est√¥mago e no es√≥fago, e a pior not√≠cia era que n√£o havia cura.
A m√£e de tr√™s sabia que n√£o tinha muito tempo de vida, e por isso quis garantir que os seus filhos ficassem em boas m√£os, numa casa segura e n√£o onde n√£o fossem separados.
Embora Audrey e Tisha n√£o fossem amigas pr√≥ximas, ela n√£o tinha fam√≠lia e decidiu falar seriamente com a vizinha para pedir-lhe que cuidasse dos seus filhos, e, apesar de Tisha ter cinco filhos, ela e o marido aceitaram o pedido de Audrey.

Tisha tinha crescido num orfanato, e n√£o queria deixar as crian√ßas passarem pelas mesmas coisas que ela. Ela e o marido fizeram todos os poss√≠veis para que se sentissem bem e √† vontade. Infelizmente, o cancro da m√£e estava t√£o avan√ßado que, alguns dias depois, ela acabou por falecer. E de sete membros, a fam√≠lia de Tisha e Kevin passou a ficar com 10.
Uma equipa de televis√£o soube da nobre a√ß√£o de Tisha e Kevin e decidiram retribuir-lhes com uma incr√≠vel surpresa.
A rep√≥rter perguntou a Tisha por que tinha decidido ajudar a sua vizinha conhecendo-a t√£o pouco, ela n√£o hesitou com a sua resposta:
‚ÄúEles ainda s√£o crian√ßas. Eu cresci num orfanato e n√£o queria que eles passassem pelo mesmo, eles merecem viver a inf√¢ncia deles. Eles j√° passaram por muitas coisas e merecem uma fam√≠lia que os ama e um lugar a que possam chamar de lar. Eu n√£o podia perd√™-los, embora eu n√£o os tenha carregado no meu ventre, eu carrego-os no meu cora√ß√£o‚Äù.
Os quartos dos filhos de Tisha tinham que ser partilhados com os tr√™s filhos de Audrey. A casa era muito pequena para tantos membros e fazer uma remodela√ß√£o, era muito caro.
A equipa de televis√£o deu-lhes a grande not√≠cia que fariam a remodela√ß√£o da casa, e a fam√≠lia n√£o conseguia acreditar. A rea√ß√£o deles a olhar para os novos quartos diz tudo sobre o que sentiram.
A casa parecia completamente nova, e tamb√©m receberam uma grande quantia de dinheiro para comprar comida e uma doa√ß√£o para o filho mais velho tornar-se independente, tamb√©m lhes ofereceram um carro grande para toda a fam√≠lia.
Veja o antes e o depois desta grande recompensa no seguinte v√≠deo ao minuto 5:40:

A melhor parte foi o que o casal disse no momento da surpresa, ‚Äúmas n√£o fizemos nada de especial‚Äù, mostrando como √© grande o cora√ß√£o de ambos.",https://arquivo.pt/wayback/20190319072939mp_/https://bombeiros24.pt/casal-adotou-3-filhos-de-uma-amiga-falecida-mas-quando-voltaram-para-casa-a-antiga-casa-tinha-desaparecido/
Ouve gritos vindos de casa abandonada e acaba por encontrar a filha desaparecida a sangrar,"Tomar medidas num caso que normalmente requer interven√ß√£o policial por norma n√£o √© recomendado, contudo, no mundo em que vivemos, √†s vezes n√£o temos alternativas.
Tal foi o caso com Bethany Arceneaux, uma m√£e solteira de 29 anos de Lafayette, Arizona, que foi sequestrada.
Depois de tr√™s dias e uma infrut√≠fera busca policial, a fam√≠lia decidiu que era hora de se envolver no caso.
A primeira pista foi um associado da Arceneaux, Derrimetrie Robinson. A testemunha da fam√≠lia sabia que Bethany tinha sido raptada pelo seu ex-namorado, contudo, n√£o tinham ideia de onde estava. Apenas sabiam que estavam a lutar contra o tempo, porque o ex-namorado tinha sido violento com ela anteriormente.
Um colega ter√° visto Betachn quando a puxaram do carro para um estacionamento. O homem que puxou Betachy foi identificado como sendo o seu ex-namorado e pai do filho de 2 anos de idade. O colega ainda correu para o carro enquanto Bethany gritava para ele levar o filho. Por sorte o colega chegou a tempo para agarrar o filho, mas o ex-namorado conseguiu sair do local com a mulher no carro.
A fam√≠lia come√ßou as suas buscas colando panfletos pela cidade. Foi ent√£o que algumas testemunhas se aproximaram deles com informa√ß√µes sobre uma casa abandonada situada perto do campo onde o carro havia sido descoberto.
Seis membros da fam√≠lia de Arceneaux, bem como um vizinho e outro amigo, foram diretamente para a casa. Assim que chegaram, ouviram gritos vindo de dentro ‚Äì instantaneamente reconheceram a voz como a de Arceneaux.

Os irm√£os conseguiram arrombar a porta, e depararam-se com um cen√°rio horr√≠vel. √Ä frente deles, o ex-namorado batia em Bethany com toda a for√ßa que tinha. Bet√¢nia estava cheia de sangue e gritava em p√¢nico, estava prestes a perder a vida.
Sem pensar, um dos membros da fam√≠lia pegou uma arma, que tinham comprado para se defender, e atirou sob ex-namorado, que perdeu a vida no local.
Bethany ficou gravemente ferida, mas sobreviveu e conseguiu recuperar a sa√∫de. De acordo com a CNN, nenhum dos membros da fam√≠lia ser√° acusado, pois dizem que o ato foi em defesa.",https://arquivo.pt/wayback/20190319081656mp_/https://bombeiros24.pt/ouve-gritos-vindos-de-casa-abandonada-e-acaba-por-encontrar-a-filha-desaparecida-a-sangrar/
Mulher transg√©nero tenta abusar de menina de 10 anos em casa de banho p√∫blica,"Uma mulher transg√™nero, de 18 anos, tentou abusar uma menina de dez anos numa casa de banho de um supermercado, semanas depois de usar o telefone para espiar outra menina numa casa de banho feminina da Asda.
Katie Dolatowski admitiu ter agarrado a menina em Morrisons pelo rosto e que a for√ßou a entrar num cub√≠culo em Fife, na Esc√≥cia.
Dolatowski, que se identifica como sendo uma mulher, mas que a fam√≠lia da v√≠tima acreditava ser um homem, amea√ßou esfaquear a m√£e da menina e obrigou-a a tirar as cal√ßas no supermercado Kirkcaldy.
A jovem v√≠tima gritou para Dolatowski, e este fugiu do local. Mais tarde foi identificado como o agressor, de acordo com o The Sun.
Ela tamb√©m foi ordenada a realizar 100 horas de trabalho n√£o remunerado.
Na altura da senten√ßa, um erro do tribunal permitiu que a mulher pudesse continuar a apagar o hist√≥rico dos seus dispositivos.
Uma assistente social, levantou preocupa√ß√µes de que Dolatowski tenha exclu√≠do do seu hist√≥rico de mensagens na Internet conversas com menores.
Dolatowski evitou a pris√£o no m√™s de janeiro e recebeu uma ordem comunit√°ria de tr√™s anos, ficou proibida de ter contato com crian√ßas e registada no registo de atacantes sexuais.
O xerife James Williamson disse: ‚ÄòUma das caracter√≠sticas preocupantes do relat√≥rio sugere que ela tem acedido √† Internet e depois tentado esconder com quem esteve em contato‚Äô.
Agora, a condi√ß√£o foi anexada ao pedido, o que significa que ela n√£o pode mais excluir o hist√≥rico da Internet em qualquer dos seus dispositivo.",https://arquivo.pt/wayback/20190319072939mp_/https://bombeiros24.pt/mulher-transgenero-tenta-abusar-de-menina-de-10-anos-em-casa-de-banho-publica/
"Professor de 70 anos n√£o tem filhos nem esposa, mas os seus alunos exp√µem a verdade que descobriram","√Äs vezes, o destino pode surpreender-nos de muitas maneiras, algumas delas podem marcar as nossas vidas para sempre, como aconteceu com Jim O‚ÄôConnor, um veterano da Guerra do Vietname que agora √© um rigoroso professor de matem√°tica. Jim √© conhecido por usar cabelos curtos de estilo militar e est√° sempre alerta aos seus alunos em todos os momentos.
Como ele serviu muitos anos como soldado, ele ainda mant√©m uma voz de comando que nenhum dos seus alunos se atreve a desafiar e, geralmente, o professor n√£o aprova o nervosismo dos alunos, muito menos um barulho na sala de aula.

Jim, √© uma pessoa muito respeitada na Francis High School, na Calif√≥rnia, onde ensina √°lgebra e c√°lculo. Mesmo o estudante mais rebelde respeita o professor, mas tudo isso mudou quando souberam do outro lado da vida de Jim, algo que os deixou sem palavras.

Fora da escola, Jim √© uma pessoa totalmente diferente do que os seus alunos conhecem. Quando as aulas terminam, √†s 17h00 horas, e aos fins de semana, trabalha como volunt√°rio num hospital infantil em Los Angeles, onde passa a maior parte do seu tempo livre a cuidar de bebes doentes.

Durante mais de 20 anos tem sido volunt√°rio. Tudo come√ßou quando um amigo o convenceu a ajudar na campanha de doa√ß√£o de sangue que se revelou um sucesso.
Por ser do tipo O negativo, √© um dador universal. No come√ßo ele come√ßou a visitar o hospital para doar sangue e plaquetas. Desde o primeiro momento em que doou sangue at√© hoje, j√° doou 272 litros, e j√° se tornou um dos principais dadores de sangue daquele hospital.

Depois de algumas visitas ao hospital, Jim come√ßou a observar bebes doentes que se encontravam a lutar pelas suas vidas devido a diferentes doen√ßas. Para sua surpresa, descobriu que ele √© muito bom a cuidar deles. Porque n√£o tinha filhos, e desta maneira encontrou uma forma de se sentir pai.
Confessou que adora cuidar de bebes. Toda a equipa do hospital tem muito respeito e carinho por Jim, especialmente porque ele √© muito charmoso com as crian√ßas.
No v√≠deo que vamos mostrar abaixo, pode ver Jim a dar amor e a cuidar de bebes doentes:
",https://arquivo.pt/wayback/20190319072939mp_/https://bombeiros24.pt/professor-de-70-anos-nao-tem-filhos-nem-esposa-mas-os-seus-alunos-expoem-a-verdade-que-descobriram/
Pai atropela e mata acidentalmente crian√ßa de 2 anos em Faro,"Uma crian√ßa de dois anos perdeu a vida na sequ√™ncia de um atropelamento acidental pelo pai.
A ocorr√™ncia deu-se na passada sexta-feira, dia 15 de mar√ßo, no quinta da resid√™ncia da fam√≠lia, em Almancil, distrito de Faro, conta fonte do Comando Geral da GNR.
De acordo com a mesma fonte da GNR, ‚Äúao fazer a manobra com o seu ve√≠culo no quintal da resid√™ncia, o pai atropelou acidentalmente o filho de 2 anos de idade‚Äù. ‚ÄúO falecimento veio a confirmar-se no hospital de Faro‚Äù, afirmou.
De acordo com o Comando Distrital de Opera√ß√µes de Socorro (CDOS) de Faro, o alerta da ocorr√™ncia foi dado √†s autoridades pelas 18:17 e para o local foram mobilizados operacionais dos Bombeiros, INEM e GNR. O menino foi transportado em estado considerado grave para o Hospital de Faro, juntamente com a sua m√£e que se sentiu mal com o incidente.",https://arquivo.pt/wayback/20190319073554mp_/https://bombeiros24.pt/pai-atropela-e-mata-acidentalmente-crianca-de-2-anos-em-faro/
Jovem de 25 anos atingido com dois tiros no centro da cidade do Porto,"O jovem de 25 anos foi atingido com dois tiros na sequ√™ncia de uma discuss√£o.
O jovem, residente em Vila do Conde, foi atingido com dois tiros na zona do abd√≥men. A ocorr√™ncia deu-se ap√≥s uma discuss√£o durante a madrugada deste s√°bado, na Rua das Oliveiras, no Porto.
O alerta da ocorr√™ncia foi dado por volta das 03:00. Quando as autoridades chegaram ao local, em frente a um estabelecimento de divers√£o, o jovem j√° se encontrava a ser assistido pelo INEM. Apresentava ferimentos provocados por uma arma de fogo e v√°rias escoria√ß√µes na cabe√ßa, acabando por ser transportado para o Hospital de Santo Ant√≥nio, no Porto.
De acordo com o que algumas testemunhas afirmaram √† PSP, a v√≠tima foi agredida com uma cadeira e depois baleada por um grupo de indiv√≠duos com idades entre os 25 e os 35 anos.",https://arquivo.pt/wayback/20190319073554mp_/https://bombeiros24.pt/jovem-de-25-anos-atingido-com-dois-tiros-no-centro-da-cidade-do-porto/
Empresa portuguesa recruta 20 pessoas para provar chocolate com sal√°rio at√© 1000‚Ç¨ por m√™s,"H√° uma empresa portuguesa que est√° a recrutar vinte provadores de chocolate e de cacau. As vagas destinam-se para a Zona de Lisboa, Braga e Porto.
Para muitos esta √© uma oportunidade de trabalho de sonho, entanto as √∫nicas vinte vagas existentes exigem responsabilidades como:
‚Äì Ter a capacidade de saborear diferentes variedades de chocolate e dar uma opini√£o objetiva e honesta;
‚Äì Trabalhar em equipa para partilhar opini√µes e chegar a um consenso sobre diferentes ideias;
‚Äì Utilizar um vocabul√°rio claro para descrever os produtos e ajudar na descri√ß√£o de cada um deles;
‚Äì Ser consciente nos resultados facultados;
‚Äì Conhecer as responsabilidades √©ticas e legais do cargo, levantando quest√µes e preocupa√ß√µes quando confrontados, e conduta respons√°vel profissional.",https://arquivo.pt/wayback/20190319081656mp_/https://bombeiros24.pt/empresa-portuguesa-recruta-20-provadores-de-chocolate-com-salarios-ate-1000e-por-mes/
Militar de 31 anos ferido com tiro no Alfeite n√£o resistiu aos ferimentos,"Militar encontrava-se num estado de sa√∫de muito grave e ligado a m√°quinas de suporte de vida. A Pol√≠cia Judici√°ria Militar j√° abriu um inqu√©rito relativo √† ocorr√™ncia.
Nelson Barata, o militar da Marinha, de 31 anos, que foi encontrado ferido com arma de fogo na Base Naval do Alfeite, em Almada, acabou por falecer durante a manh√£ deste domingo no Hospital Garcia da Orta.
O estado de sa√∫de era muito grave, e a √∫nica coisa que mantinha Nelson Barata agarrado √† vida era uma m√°quina artificial. A mesma foi desligada j√° esta manh√£, devido a irreversibilidade das les√µes na cabe√ßa que o militar apresentava.
Recorde-se que Nelson Barata estava de servi√ßo na fragata Corte-Real. Ap√≥s colegas o terem encontrado inanimado, pelas 21:00 de sexta-feira, ainda foi assistido pelo INEM, e transportado para o Hospital Garcia da Orta, em Amada. No entanto, n√£o resistiu aos ferimentos causados pela bala e acabou por perder a vida nas instala√ß√µes do hospital",https://arquivo.pt/wayback/20190411122908mp_/https://bombeiros24.pt/militar-de-31-anos-ferido-com-tiro-no-alfeite-nao-resistiu-aos-ferimentos/
Golfinhos com barbatana cortada d√£o √† costa em Santa Cruz,"Dois golfinhos deram √† costa j√° sem vida, nas praias de Santa Cruz, Torres Vedras, durante o fim-de-semana.
Os animais apresentavam a barbatana cortada, o que est√° a indignar a popula√ß√£o, j√° que pode indicar terem ficado presos em redes de pesca.
Segundo relatos, os pescadores para n√£o perderem tempo e para n√£o ficarem com as redes estragadas, t√™m por h√°bito cortar a barbatana dos golfinhos e assim tirar a vida aos animais.
As autoridades j√° est√£o informadas da ocorr√™ncia.",https://arquivo.pt/wayback/20190319072939mp_/https://bombeiros24.pt/golfinhos-com-barbatana-cortada-dao-a-costa-em-santa-cruz/
Avi√£o com 157 pessoas a bordo cai pouco depois da descolagem,"Um voo da Ethiopian Airlines com 157 pessoas, 149 passageiros e oito membros da tripula√ß√£o, despenhou-se este domingo a caminho de Nair√≥bi, a capital do Qu√©nia, seis minutos ap√≥s a descolagem.
O Boeing 737 tinha partido de Addis Ababa, capital da Eti√≥pia. A informa√ß√£o foi confirmada √† Reuters pela pr√≥pria empresa de avia√ß√£o, que avan√ßa que a queda aconteceu √†s 8h44 hora local (5h44 em Portugal), pouco depois de o voo ter descolado.
O primeiro-ministro da Eti√≥pia foi o primeiro a confirmar a queda do avi√£o atrav√©s do Twitter.
‚ÄúO Gabinete do Primeiro Ministro, em nome do governo e do povo da Eti√≥pia, gostaria de expressar as mais profundas condol√™ncias √†s fam√≠lias daqueles que perderam os seus entes queridos no Boeing 737 da Ethiopian Airlines num voo regular para Nairobi, no Qu√©nia, esta manh√£‚Äù, disse Abiy Ahmed.
Em comunicado, a companhia confirmou que o avi√£o perdeu contacto com a torre de controlo √†s 8h44 (hora local), apenas 6 minutos depois de ter descolado.
‚ÄúNeste momento, as opera√ß√µes de busca e salvamento est√£o em andamento e n√£o temos informa√ß√µes confirmadas sobre sobreviventes ou poss√≠veis v√≠timas. Os trabalhadores da Ethiopian Airlines ser√£o enviado para o local do acidente e far√£o todos o poss√≠veis para ajudar os servi√ßos de emerg√™ncia‚Äù, informou a Ethiopian Airlines.

Accident Bulletin no. 1
Issued on march 10, 2019 at 11:00am
Ethiopian Airlines will release further information as soon as it is available. Updated information will also be on Ethiopian Airlines website at https://t.co/Je7pXoKxHh pic.twitter.com/07wKZHPVPl",https://arquivo.pt/wayback/20190319081656mp_/https://bombeiros24.pt/aviao-com-157-pessoas-a-bordo-cai-pouco-depois-da-descolagem/
M√£e mata dois filhos menores √† pancada em Espanha,"A av√≥ das crian√ßas, m√£e da mulher acusada de ter assassinado √† pancada os filhos de tr√™s anos e meio e de cinco meses, j√° tinha denunciado duas vezes o risco que as crian√ßas corriam √†s autoridades do munic√≠pio de Godella, em Val√™ncia, Espanha.
As √∫ltimas dilig√™ncias no √¢mbito da investiga√ß√£o √† fam√≠lia foram realizadas pouco antes dos homic√≠dios, que ter√£o acontecido na noite de quarta para quinta-feira desta semana.
Os corpos de Amiel, de tr√™s anos e meio, e de Rachel, de cinco meses, foram descobertos enterrados a poucos metros da casa onde viviam ilegalmente com os pais, Mar√≠a Gombau e Gabriel Salvador. Apresentavam sinais de viol√™ncia.
A m√£e dos filhos, de 28 anos, ter√° sido a autora dos homic√≠dios e o homem, que tem nacionalidade belga, √© suspeito de, pelo menos, ter ajudado a esconder os crimes.
Sabe-se ainda que o casal tem problemas de toxicodepend√™ncia e Mar√≠a j√° esteve a bra√ßos com a justi√ßa por ter sido detida em 2011, durante um protesto do ‚ÄòMovimento 15-M‚Äô, contra o governo espanhol.
De acordo com as cronicas daqueles dias, quando os 15M protestaram, um pequeno grupo de pessoas exaltadas dentro do grupo dos chamados ‚Äúindignados‚Äù tentou impedir a passagem de ve√≠culos e come√ßou a mandar objetos e a protestar contra policias que guardavam o pr√©dio do Partido Popular onde os parlamentares que iam tomar posse. A situa√ß√£o gerou tens√£o e a pol√≠cia de choque atacou os manifestantes.",https://arquivo.pt/wayback/20190319073554mp_/https://bombeiros24.pt/mae-mata-dois-filhos-menores-a-pancada-em-espanha/
"Jovem que  ficou gr√°vida do pai denuncia: ‚ÄúO meu pai e o meu irm√£o violaram-me durante anos, e a minha m√£e sabia de tudo‚Äù","Uma jovem de San Juan, na Argentina, denunciou o seu pai e irm√£o depois de sofrer abusos sexuais aos nove anos de idade. Foi o seu parceiro que a encorajou a faz√™-lo, depois de ela lhe contar o inferno que tinha vivido em casa.
Com 16 anos de idade, ela disse ao tribunal que, ap√≥s quatro anos de abusos por parte do seu pai, o seu irm√£o tamb√©m a come√ßou a abusar, segundo o jornal La Rep√∫blica.
A v√≠tima engravidou aos 15 anos de idade. No entanto, foi for√ßada a fazer um aborto quando estava gr√°vida de tr√™s meses.
Ao contar √† m√£e o que havia acontecido, ela disse-lhe que deveria ‚Äúhabituar-se aos abusos do pai e do irm√£o‚Äù e levou-a ao hospital para ter um DIU (dispositivo intra-uterino), para n√£o engravidar novamente, como afirmado no ‚ÄòDiario de Cuyo‚Äô.
Ap√≥s a den√∫ncia apresentada pela menor, os acusados ‚Äã‚Äãforam presos e interrogados, apesar de n√£o reconhecerem os abusos e se defenderem dizendo que ‚Äúera tudo sobre vingan√ßa‚Äù porque n√£o lhe deram nada quando a adolescente completou 15 anos.
No entanto, depois de analisar todas as provas reunidas na investiga√ß√£o, o juiz Benedicto Correa deu raz√£o √† adolescente e ordenou a deten√ß√£o preventiva do pai, m√£e e filho.
A jovem n√£o era apenas apoiada pela vers√£o dela, do namorado e da madrinha, mas tamb√©m pelo exame psicol√≥gico realizado ap√≥s a apresenta√ß√£o da queixa e pelo registo num centro de curetagem, que √© uma interven√ß√£o que geralmente se realiza ap√≥s um aborto.",https://arquivo.pt/wayback/20190319072939mp_/https://bombeiros24.pt/jovem-que-ficou-gravida-do-pai-e-denuncia-o-meu-pai-e-o-meu-irmao-violaram-me-durante-anos-e-a-minha-mae-sabia-de-tudo/
Revelado esbo√ßo do principal suspeito de raptar Maddie desenhado por pol√≠cia portuguesa,"Imagem do esbo√ßo foi divulgada no document√°rio ‚ÄúO Desaparecimento de Madeleine McCann‚Äù da Netflix.
‚ÄúO Desaparecimento de Madeleine McCann‚Äù √© o novo document√°rio da Netflix sobre o desaparecimento sem deixar rasto da menina inglesa em maio de 2007, enquanto estava de f√©rias com os pais e irm√£os na praia da Luz, em Lagos, no Algarve.
O document√°rio conta com um total de oito epis√≥dios e tem revelado v√°rios factos surpreendentes sobre o desaparecimento da menina. O segundo epis√≥dio foi lan√ßado esta sexta feira, onde foi revelado o esbo√ßo do aspeto daquele que √© o principal suspeito do rapto da menina, desenhado na √©poca pela pol√≠cia portuguesa.
Na imagem divulgada na s√©rie documental √© poss√≠vel ver uma face oval sem olhos, nariz ou boca. o desenho chegou a ser mostrado por diversas vezes aos moradores ou turistas que se encontravam em Lagos na altura do desaparecimento.

O document√°rio √© composto por entrevistas e testemunhos de dezenas de pessoas. O mesmo apresenta uma nova teoria sobre o que ter√° acontecido √† menina Maddie e defende, ao contr√°rio do que se pensa, que esta ainda poder√° encontrar-se viva.",https://arquivo.pt/wayback/20190319081656mp_/https://bombeiros24.pt/revelado-esboco-do-principal-suspeito-de-raptar-maddie-desenhado-por-policia-portuguesa/
Ataque terrorista tira a vida a 49 pessoas na Nova Zel√¢ndia,"Pelo menos 49 perderam a vida e 40 ficaram feridas nos tiroteios que ocorreram esta sexta-feira, em duas mesquitas da cidade de Christchurch, na Nova Zel√¢ndia.
Dois indiv√≠duos entraram nos edif√≠cios e abriram fogo. Um dos atiradores, um cidad√£o australiano de 28 anos, filmou e transmitiu em direto o massacre. 
Horas ap√≥s as ocorr√™ncia, a pol√≠cia local informou que tr√™s homens e uma mulher foram detidos. Pelo menos um deles √© de nacionalidade australiana. N√£o est√° descartado que outros envolvidos estejam foragidos. Todas as mesquitas da Nova Zel√¢ndia foram fechadas por tempo indeterminado durante as buscas.
A primeira-ministra neozelandesa diz que a situa√ß√£o n√£o tem precedentes no pa√≠s e que ‚Äú√© claro que este momento s√≥ pode ser descrito como um ataque terrorista‚Äù. 
What has happened in Christchurch is an extraordinary act of unprecedented violence. It has no place in New Zealand. Many of those affected will be members of our migrant communities ‚Äì New Zealand is their home ‚Äì they are us.
‚Äî Jacinda Ardern (@jacindaardern) March 15, 2019

 Jacinda Ardern adianta que pelas informa√ß√µes j√° recolhidas, o ataque foi ‚Äúbastante planeado‚Äù. Cerca de quatro pessoas foram detidas ‚Äì 3 deles mant√™m-se sob cust√≥dia policial. Foram ainda detetados dois engenhos explosivos nos autom√≥veis dos dois atiradores que j√° est√£o neutralizados, garantiu ainda a chefe do executivo da Nova Zel√¢ndia. ",https://arquivo.pt/wayback/20190319081656mp_/https://bombeiros24.pt/ataque-terrorista-tira-a-vida-a-49-pessoas-na-nova-zelandia/
Noiva cancela casamento ap√≥s convidados lhe negarem o seu ‚Äúmomento Kardashian‚Äù,"Uma noiva escreveu um mensagem, nas suas redes sociais, onde pediu a contribui√ß√£o dos amigos e familiares que foram convidados com o valor de 1500 euros para ter o casamento que sempre sonhou. Como nem todos os convidados atenderam √†s suas preces, Susan acabou por cancelar o matrim√≥nio.
Susan e o companheiro conheceram-se aos 14 anos. Aos 18 surgiu o pedido de casamento, com direito a um anel no valor de cerca de 5 mil euros. O primeiro filho chegou pouco tempo depois, aos 20 anos, s√≥ faltava mesmo o √∫ltimo passo ‚Äì o casamento.
Para o dia t√£o esperado, o casal trabalhou e conseguiu juntar 15 mil euros, que rapidamente perceberam que n√£o chegava para realizar o casamento que tinham idealizado.
‚ÄúComo o nosso amor era um conto de fadas, quer√≠amos um casamento extravagante‚Äù, pode ler-se na publica√ß√£o que enviou aos convidados atrav√©s da rede social Facebook.
Para tal, precisavam da ajuda dos amigos, a quem pediram 1500 euros, por convidado.
‚ÄúEu pedi especificamente prendas em dinheiro. Como √© que poder√≠amos ter o nosso casamento de sonho sem a ajuda financeira dos nossos amigos?
Eu queria somente ter o meu momento Kim Kardashian e depois continuar a viver a minha vida normalmente‚Äù, sublinha a mulher.
De todos os convidados, apenas oito aceitaram o pedido, assim como a fam√≠lia do noivo, que deu cerca de 3000 mil euros. ‚ÄúFomos claros. Se n√£o podiam contribuir, n√£o estavam convidados para o casamento‚Äù, continua.
Com o sonho a ir por √°gua abaixo, Susan, desesperada, implora a ajuda dos amigos, afirmando que: ‚Äú1000 euros n√£o √© assim tanto dinheiro‚Äù.
Ap√≥s o momento ins√≥lito, que j√° se tornou viral nas redes sociais, a prima decidiu tornar publicas as exig√™ncias de Susan aos convidados.
A noiva come√ßa por dizer que o casamento foi cancelado e que ela e o noivo decidiram terminar a rela√ß√£o deles, e culpou todos aqueles a quem a carta foi dirigida. Afirmou tamb√©m que as redes sociais a tornaram ‚Äúparan√≥ica‚Äù.
Diz ainda que decidiu ir viajar durante dois meses para a Am√©rica do Sul, a fim de ‚Äúexplorar a sua alma e acabar com a energia t√≥xica dos seus amigos e familiares‚Äù. Sente-se ‚Äúvazia‚Äù e farta da ‚Äúsociedade horr√≠vel‚Äù.",https://arquivo.pt/wayback/20190319072939mp_/https://bombeiros24.pt/noiva-cancela-casamento-apos-convidados-lhe-negarem-o-seu-momento-kardashian/
Jogador de futsal perde a vida em campo,"O futesalista F√°bio Mendes, de 28 anos, que atua no Centro Social de Jo√£o, perdeu a vida na tarde deste s√°bado, no decorrer de um encontro entre este clube e o Portimonense, num duelo que dizia respeito √† fase de subida da segunda divis√£o nacional da modalidade.
No decorrer do jogo, que n√£o chegou ao fim, o atleta foi v√≠tima de um ataque card√≠aco fulminante, no pavilh√£o dos Montes de Alvor.
Quando faltavam jogar 13 minutos e 40 segundos na segunda parte e o resultado era favor√°vel ao Portimonense, por 5-2, F√°bio Mendes, de 28 anos, fez uma reposi√ß√£o de bola em jogo e de imediato levantou um bra√ßo e caiu, contorcendo-se.
De imediato todos, no pavilh√£o, se aperceberam que se tratava de algo grave e os elementos das equipas m√©dicas dos dois clubes e vindos da bancada acorreram em aux√≠lio do jogador.
O encontro foi imediatamente interrompido para que serem realizadas manobras de reanima√ß√£o. Alguns elementos do INEM presentes no pavilh√£o prontamente assistiram o jogador do S√£o Jo√£o, que chegou a despertar ainda antes de o INEM ter chegado ao local, tendo voltado a entrar em paragem cardiorrespirat√≥ria.
Recorde-se que em dezembro de 2017, o Centro Social de S√£o j√° tinha vivido um momento de enorme pesar, na sequ√™ncia do falecimento do guarda-redes, de Jo√£o Greg√≥rio, com 24 anos, que perdeu a vida num acidente.
No pavilh√£o dos Montes de Alvor viveram-se momentos de enorme tens√£o e drama, com os jogadores das duas equipas e muitos espetadores a chorarem convulsivamente.

F√°bio Mendes, jogador do CS S√£o Jo√£o morreu de ataque card√≠aco durante o jogo nos Montes de Alvor contra o Portimonense
Era o primeiro jogo que a sua mulher ia ver
Apoio √† fam√≠lia e amigos do F√°bio
O Futsal Portugu√™s est√° de lutoüò≠üñ§ pic.twitter.com/rNs5a9QoTJ",https://arquivo.pt/wayback/20190319073554mp_/https://bombeiros24.pt/jogador-de-futsal-perde-a-vida-em-campo/
M√£e gr√°vida de 8 meses v√™ marido atropelar filho beb√©,"O pai atropelou esta sexta-feira o seu filho de 14 meses, em Almancil, concelho de Loul√©. A m√£e gr√°vida de oito meses assistiu a tudo.
O INEM, que ainda se deslocou ao local, conseguiu reanimar a v√≠tima, no entanto, os ferimentos graves acabaram por lhe tirar a vida pouco tempo depois, j√° no Hospital de Faro.
O pai, de nacionalidade romena, tal como a m√£e, iria com o carro √†s compras pouco tempo depois de chegar do trabalho. No momento em que tirava o autom√≥vel do quintal em manobra de marcha atr√°s, a crian√ßa colocou-se atr√°s do ve√≠culo sem ningu√©m reparar e foi atingida.
Uma das vizinhas que assistiu ao acontecimento, revela que ‚ÄúA crian√ßa ficou logo sem rea√ß√£o e com sangue nos ouvidos. O pai estava desolado, tal como a m√£e, porque n√£o havia nada que conseguissem fazer para reanimar a crian√ßa‚Äù.
O INEM ainda estabilizou o beb√© com respira√ß√£o assistida e transportou-o ao hospital, no entanto, a v√≠tima acabou por perder a vida devido √†s hemorragias internas.
",https://arquivo.pt/wayback/20190319073554mp_/https://bombeiros24.pt/mae-gravida-de-8-meses-ve-marido-atropelar-filho-bebe/
Beb√© e menino dados como desaparecidos encontrados sem vida em Val√™ncia,"As duas crian√ßas que tinham sido dadas como desaparecidas em Godella, na prov√≠ncia de Val√™ncia, foram encontradas nesta quinta-feira pelas autoridades.
Segundo avan√ßou a imprensa espanhola, que cita fontes da Guardia Civil, ter√° sido a m√£e das crian√ßas a apontar √†s autoridades onde estavam enterrados os seus filhos.
As crian√ßas tinham sido dadas como desaparecidas desde a manh√£ de quinta-feira, em circunst√¢ncias consideradas suspeitas, depois da m√£e ter dito que as crian√ßas ter√£o fugido enquanto os pais discutiam.
As v√≠timas s√£o um beb√© de tr√™s anos, e uma menina que ter√° entre os cinco e oito meses de idade.
Foram os vizinhos a chamar as autoridades, esta manh√£, quando ouviram gritos e viram o homem a correr atr√°s da mulher com uma arma.
O homem ficou detido assim que foi dado o alerta e a m√£e foi encontrada depois durante a tarde, tendo levado os agentes at√© ao local onde estavam os corpos. O pai ter√° dito de imediato √†s autoridades ‚ÄúN√£o se preocupem, est√£o mortos‚Äù, afirmando que a m√£e os tinha afogado, sem revelar mais detalhes.
 Segundo o El Pa√≠s, os pais t√™m cerca de 30 anos de idade. A m√£e √© de nacionalidade mexicana e o pai √© de nacionalidade belga, sendo que ambos sofrer√£o de ‚Äúalguma esp√©cie de desequil√≠brio‚Äù de ordem mental. Viviam numa casa abandonada que ocuparam, no munic√≠pio valenciano de Rocafort 
Hallan muertos a los dos ni√±os desaparecidos en Godella, Valencia https://t.co/hEXyYBiJ2Y pic.twitter.com/PmFcGSXWOj",https://arquivo.pt/wayback/20190319081656mp_/https://bombeiros24.pt/bebe-e-menino-dados-como-desaparecidos-encontrados-sem-vida-em-valencia/
"M√£e afoga a filha de 3 anos para se vingar do marido: ‚ÄúAntes de a afogar, disse-lhe que a amava‚Äù","Uma m√£e que tirou a vida √† filha de tr√™s anos ap√≥s o termino do casamento com o seu marido foi condenada a pris√£o perp√©tua.
Claire Colebourn, uma mulher inglesa de 36 anos, afogou a pr√≥pria filha de tr√™s anos porque suspeitava do marido a estar a trair com uma colega de trabalho. A mulher colocou a filha dentro de uma banheira e afogou-a, de seguida deixou-a em cima da cama do quarto. Na manh√£ do dia seguinte, a menina, Bethan, foi encontrada sem vida, com os cabelos ainda molhados.
De acordo com o jornal The Sun, a mulher ter√° pesquisado durante v√°rias semanas ‚Äúcomo tirar a vida a algu√©m por afogamento‚Äù e se esse m√©todo era doloroso para a v√≠tima. A mulher afirmou √†s autoridades que decidiu tirar a vida √† filha porque n√£o a queria perto do pai.

Claire revelou ainda que a menina n√£o queria entrar dentro da banheira para tomar banho, mas que no final a crian√ßa cedeu ao seu pedido e acabou por confiar nela.
‚ÄúAntes de a afogar, disse-lhe o que a amava. Isto vai perseguir-me para o resto da minha vida. S√≥ queria despachar aquilo o mais rapidamente poss√≠vel‚Äù, confessou a m√£e.",https://arquivo.pt/wayback/20190319072939mp_/https://bombeiros24.pt/mae-afoga-a-filha-de-3-anos-para-se-vingar-do-marido-antes-de-a-afogar-disse-lhe-que-a-amava/
F√°bio Mendes faleceu a fazer o que mais gostava,"Jovem de 28 anos faleceu subitamente durante partida na noite do passado s√°bado.
O atleta F√°bio Mendes, do Centro Social de S√£o Jo√£o, faleceu na noite deste s√°bado, no decurso do jogo com o Portimonense (da fase de subida da 2.¬™ Divis√£o nacional de futsal), que n√£o chegou ao fim.
Quando faltavam jogar 13 minutos e 40 segundos na segunda parte e o resultado era favor√°vel ao Portimonense, por 5-2, F√°bio Mendes fez uma reposi√ß√£o de bola em jogo e de imediato levantou um bra√ßo e caiu, contorcendo-se.
O jovem atleta foi v√≠tima de um ataque card√≠aco fulminante e caiu inanimado no ch√£o, no pavilh√£o dos Montes de Alvor. O encontro foi de imediato interrompido e, apesar de todas as tentativas, n√£o foi poss√≠vel salvar F√°bio Mendes, de 28 anos.
J√° com o INEM no pavilh√£o, continuaram a ser feitas manobras de reanima√ß√£o, usando at√© o desfibrilhador. F√°bio Mendes foi ainda transportado para o Hospital de Portim√£o, onde chegou j√° sem vida.",https://arquivo.pt/wayback/20190319072939mp_/https://bombeiros24.pt/fabio-mendes-faleceu-a-fazer-o-que-mais-gostava/
Menores abusadas mais de 800 vezes pelo av√¥ em Gaia,"O Minist√©rio P√∫blico acredita que umas das meninas foi atacada mais de 832 vezes pelo pai da m√£e, quando a filha tinha entre os seis e os quatorze anos.
O homem, agora com 72 anos, ter√° abusado outras netas tamb√©m na casa onde todos viviam e no trabalho dele. Ir√° ser julgado por 857 crimes de abuso de crian√ßas agravado.
A m√£e de uma das netas do av√¥ chegou a apanhar em flagrante um dos ataques. Decidiu falar com a irm√£, e ao confrontarem as tr√™s menores, estas choraram e admitiram serem abusadas pelo av√¥.
As duas filhas do abusador decidiram no entanto n√£o apresentar queixa contra o pai pois dependiam dele economicamente e n√£o queriam prejudic√°-lo.
A queixa foi apenas feita em 2017, quando uma professora do centro de estudos das tr√™s meninas, com 13, 14 e 16 anos as ouviu a falar sobre os abusos do av√¥.",https://arquivo.pt/wayback/20190319073554mp_/https://bombeiros24.pt/menores-abusadas-mais-de-800-vezes-pelo-avo-em-gaia/
Homem esfaqueia 24 vezes a mulher e √©-lhe reduzida a pena por v√≠tima ter amante,"A It√°lia volta a estar no centro da pol√©mica na sequ√™ncia de mais um caso de viol√™ncia machista. A ju√≠za Silvia Capanini diminui a pena de um homem justificando que a mulher mantinha um relacionamento extraconjugal.
O caso remonta ao dia 8 de abril de 2018, quando o equatoriano Javier Napol√©on Gamboa, de 52 anos, apunhalou a companheira, Angela Jenny Coello Reyes. Numa crise de ci√∫mes, ao descobrir que a mulher tinha um amante, assassinou-a. Depois de ter matado a mulher, o homem fugiu e acabou detido tr√™s dias depois.
O Minist√©rio P√∫blico pediu 30 anos de pris√£o para o homem, mas, de acordo com o jornal ‚ÄúIl Corriere della Sera‚Äù, os ju√≠zes de G√©nova condenaram o homem a 16 anos de pris√£o.
O mesmo jornal explica que a pena foi reduzida para metade porque, segundo justificaram os ju√≠zes na senten√ßa de dezembro, o homem agiu guiado ‚Äúpor um misto de raiva e desespero e com uma profunda dece√ß√£o e ressentimento‚Äù, ao saber que a mulher tinha um amante.
A equipa liderada pela ju√≠za Silvia Capanini contesta a alega√ß√£o de que o homem agiu por ci√∫mes. ‚ÄúA rea√ß√£o m√£o foi motivada pelos ci√∫mes, mas antes como uma rea√ß√£o aos comportamentos da mulher, de todo incoerentes e contradit√≥rios‚Äù, explicou a ju√≠za, de acordo com o jornal ‚ÄúEl Espa√±ol‚Äù.
O caso est√° a gerar pol√©mica em It√°lia e motivou mesmo a interven√ß√£o do Primeiro-ministro, Giuseppe Conte. Na sua p√°gina oficial no Facebook, disse que ‚Äúnenhum sentimento, mesmo que muito intenso, pode justificar o fem√≠cidio‚Äù.",https://arquivo.pt/wayback/20190319073554mp_/https://bombeiros24.pt/homem-esfaqueia-24-vezes-a-mulher-e-e-lhe-reduzida-a-pena-por-vitima-ter-amante/
Jovem de 24 anos com defici√™ncia motora expulsa de bar por parecer b√™beda,"Jovem de 24 anos foi expulsa de estabelecimento sem poder levar os seus pertences.
Uma mulher com defici√™ncias ao n√≠vel da fala e da locomo√ß√£o foi expulsa de um bar em Londres, na Inglaterra, porque os gerentes acharam que estava b√™bada.
Grace Currie, de 24 anos, recebeu ordem para sair do local quando tentava pedir uma vodka e uma coca-cola enquanto aproveitava a noite com um grupo de amigos.
Apesar da tentativa em explicar que tinha sofrido um acidente que a tinha deixado com dificuldades a falar e a caminhar, Grace foi levada por um seguran√ßa para fora do bar sem os seus pertences, incluindo o telem√≥vel.

Em choque, a jovem ficou desamparada no meio da rua, sem possibilidade de chamar algu√©m ou pedir ajuda √†quela hora da noite.
‚ÄúEu nem sequer pude completar o meu pedido porque assim que eu abri a boca eles disseram para eu sair. Foi super humilhante, ainda por cima por causa dos meus problemas f√≠sicos‚Äù, lamentou em declara√ß√µes √† imprensa brit√¢nica.
Ao chegar a casa, a jovem de 24 anos contou aos pais o sucedido que decidiram ir pedir esclarecimentos a um dos gerentes do bar, que imediatamente pediu desculpa pela situa√ß√£o.",https://arquivo.pt/wayback/20190319081656mp_/https://bombeiros24.pt/jovem-de-24-anos-com-deficiencia-motora-expulsa-de-bar-por-parecer-bebeda/
Dois corpos encontrados em carro consumido pelas chamas em Sesimbra,"Viatura consumida pelas chamas foi encontrada ao in√≠cio da noite desta quinta-feira, perto da Lagoa de Albufeira, no concelho de Sesimbra, com dois corpos sem vida e carbonizados no seu interior.
Segundo foi poss√≠vel apurar, o ve√≠culo situava-se numa zona de mato, a alguma dist√¢ncia das resid√™ncias mais pr√≥ximas.
O alerta da ocorr√™ncia foi dado pelas 19:50. As autoridades encontraram dois corpos no interior da viatura carbonizada, confirma fonte do Comando da Guarda Nacional Republicana de Set√∫bal.
Para o local da ocorr√™ncia foram mobilizados doze operacionais dos Bombeiros de Sesimbra, acompanhados por cinco ve√≠culos e por uma Viatura M√©dica de Emerg√™ncia e Reanima√ß√£o (VMER), bem como os militares da GNR.",https://arquivo.pt/wayback/20190319072939mp_/https://bombeiros24.pt/duas-pessoas-perdem-a-vida-em-carro-consumido-pelas-chamas-em-sesimbra/
Divulgados v√≠deos in√©ditos que mostram Maddie McCann a embarcar no avi√£o para Portugal,"Novas imagens in√©ditas reveladas recentemente mostram Madeleine McCann a embarcar no avi√£o que seguia para Portugal.
No v√≠deo amador, gravado pelo pai, v√™-se a menina de tr√™s anos, com uma mochila, a caminhar no Aeroporto de East Midlands, para embarcar no voo e ainda no autocarro a caminho do Algarve, onde acabou por desaparecer em 2007.
Os v√≠deos foram divulgados no document√°rio da Netflix que ir√° estrear brevemente, ‚ÄúO Desaparecimento de Madeleine McCann‚Äù.
Este document√°rios lan√ßa uma s√©rie de teorias sobre o desaparecimento de Maddie, a menina brit√¢nica que estava com os pais na praia da Luz, no Algarve.
O document√°rio revela a possibilidade da menina estar viva depois de ter sido sequestrada por um grupo ligado ao tr√°fico de humanos.
Cerca de quarenta especialistas e figuras-chave deste caso, participaram no document√°rio elaborado pela Netflix. Diversos testemunhos apontam que a crian√ßa, na altura com tr√™s anos, tenha sido raptada e sequestrada por um gangue de tr√°fico humano e levada para o estrangeiro.",https://arquivo.pt/wayback/20190319081656mp_/https://bombeiros24.pt/divulgados-videos-ineditos-que-mostram-maddie-mccan-a-embarcar-no-aviao-para-portugal/
Norte-americana d√° √† luz seis beb√©s em apenas nove minutos,"Os beb√©s, quatro meninas e dois meninos, nasceram etnre as 04:50 e as 4:50 do passado domingo, dia 17 de mar√ßo, no Texas, Estados Unidos.
Thelma Chiaka √© a mulher do momento, nos Estados Unidos da Am√©rica e nas redes sociais, pelo feito considerado extraordin√°rio pelos profissionais de sa√∫de. Deu √† luz seis beb√©s em apenas nove minutos.
Numa publica√ß√£o do centro hospitalar feita nas redes sociais, pode ler-se ‚Äúa probabilidade de dar √† luz seis filhos g√©meos √© de 1 em 4.7 milh√µes, e anda mais raro √© conseguir faz√™-lo de forma t√£o r√°pida como aconteceu neste caso.‚Äù
Os partos ocorreram na manh√£ deste domingo, dia 17 de mar√ßo, em Houston, entre √†s 04:50 e 04:59, no Hospital da Mulher do Texas. As crian√ßas, quatro meninas e dois meninos, pesam entre 800 gramas e 1,3 quilogramas.",https://arquivo.pt/wayback/20190319072939mp_/https://bombeiros24.pt/norte-americana-da-a-luz-seis-bebes-em-apenas-nove-minutos/
M√£e de j√∫nior do Sp. Braga morre a caminho do jogo do filho contra o Benfica,"A m√£e de David Veiga, jogador j√∫nior do Sorting de Braga, √© a v√≠tima mortal do acidente de via√ß√£o em Condeixa, este s√°bado. Sandra Pinto perdeu a vida quando se dirigia para o encontro em que os j√∫niores arsenalistas defrontaram o Benfica. O pai do futebolista tamb√©m se encontrava na viatura e ficou gravemente ferido.
O jogo, a contar para o campeonato de juniores, terminou cerca de um minuto e meio mais cedo do que o previsto depois de o treinador bracarense, Artur Jorge, pedir em l√°grimas ao √°rbitro da partida para dar o encontro como finalizado.
Da colis√£o entre tr√™s viaturas ao quil√≥metro 179 resultaram ainda cinco feridos. O acidente levou ao corte da circula√ß√£o na estrada no sentido Norte ‚Äì Sul, em Condeixa-a-Nova, Coimbra.
O alerta ter√° chegado ao Comando Distrital de Opera√ß√µes de Socorro (CDOS) de Coimbra pelas 14h16.
O Sp. Braga deixou uma mensagem de pesar ap√≥s a tr√°gica not√≠cia.
‚ÄúO SC Braga regista com enorme pesar o falecimento da m√£e do jogador David Veiga, Sandra Pinto, v√≠tima de um acidente rodovi√°rio quando se dirigia para o encontro que os juniores disputaram na tarde deste s√°bado contra o SL Benfica, a contar para a fase final do Campeonato Nacional de Juniores.",https://arquivo.pt/wayback/20190411122908mp_/https://bombeiros24.pt/mae-de-jogador-do-braga-perde-a-vida-a-caminho-do-jogo-do-filho/
S√©rgio Concei√ß√£o arrasado por Eurodeputado do PS: ‚Äú√â um complexado e aldrab√£o compulsivo‚Ä¶‚Äù,"Manuel dos Santos, eurodeputado do Partido Socialista, escreveu duras palavras a S√©rgio Concei√ß√£o, o treinador do FC Porto, nas redes sociais.
As palavras foram publicadas no Twitter no √∫ltimo fim-de-semana mas s√≥ agora acabaram por ganhar express√£o: ‚ÄúRealmente este gajo n√£o presta para nada! √â um complexado e aldrab√£o compulsivo‚Äù, escreveu o eurodeputado, conhecido adepto benfiquista, no coment√°rio a uma not√≠cia da confer√™ncia de imprensa de S√©rgio Concei√ß√£o anterior ao jogo com o Feirense, na qual S√©rgio tinha dito:
‚ÄúJo√£o F√©lix passou ferias o ano passado na minha casa, pode voltar‚Äù.
J√° em di√°logo com outros utilizadores daquela rede social, Manuel dos Santos, acrescentou v√°rias considera√ß√µes como, por exemplo: ‚ÄúPorque √© que este grunho passa a vida a dizer ‚ÄòN√£o sou hip√≥crita‚Äô? Precisa que acreditemos nisso?‚Äù; ‚ÄúEle √© um cidad√£o desprez√≠vel!‚Äù.",https://arquivo.pt/wayback/20190319081656mp_/https://bombeiros24.pt/sergio-conceicao-arrasado-por-eurodeputado-do-ps-e-um-complexado-e-aldrabao-compulsivo/
Menino autista de 9 anos insepar√°vel do fiel amigo de quatro patas at√© no hospital,"Liga√ß√£o entre o labrador, Mahe, e o pequeno James √© t√£o forte que o animal consegue ajudar a crian√ßa nos tratamentos hospitalares.
James √© um menino autista, de nove anos, que vive na cidade de Wellington, na Nova Zel√¢ndia. O menino n√£o consegue falar e, com a fam√≠lia, √© sempre uma crian√ßa muito retraida. Mas √© na companhia do fiel amigo de quatro patas, Mahe, ‚Äì um c√£o de ra√ßa labrador ‚Äì que James se torna uma crian√ßa diferente.
Mahe tem sido bastante importante na recupera√ß√£o de James. A liga√ß√£o entre o animal e o menino √© t√£o forte que Mahe consegue acalmar James nas situa√ß√µes mais stressantes.

‚ÄúN√£o pod√≠amos ir beber um caf√©. O James ficava muito nervoso e queria ir embora imediatamente. Mas quando o Mahe chegou √† nossa fam√≠lia, o James sentava-se com ele e esperava que acab√°ssemos o nosso caf√©‚Äù, recorda a m√£e do menino, citada pelo jornal La Vanguardia.",https://arquivo.pt/wayback/20190411122908mp_/https://bombeiros24.pt/menino-autista-de-9-anos-inseparavel-do-fiel-amigo-de-quatro-patas-ate-no-hospital/
Beb√© de 14 meses perde a vida atropelado pelo pai em Almancil,"Um beb√© com cerca de 14 meses perdeu a vida ao final da tarde de sexta-feira, na sua casa em Almancil, concelho de Loul√©, depois de ser atropelado pelo pai.
O acidente tr√°gico ocorreu pelas 18h20 quando o pai estava a fazer uma manobra de marcha-atr√°s no quintal da habita√ß√£o, situada na Rua da Alegria, no centro da localidade de Almancil.
O INEM ainda recorreu a manobras de reanima√ß√£o, mas a crian√ßa acabou por perder a vida j√° no hospital de Faro, pouco depois de entrar no servi√ßo de Urg√™ncia.
‚ÄúO √≥bito veio a confirmar-se no hospital de Faro‚Äù, revelou fonte da Guarda Nacional Republicana √† Lusa.
De acordo com o respons√°vel pelas rela√ß√µes p√∫blicas do comando territorial da Guarda Nacional Republicana de Faro, ‚Äúo acidente vai ser comunicado ao tribunal, para se perceber o que se passou e se h√° algum tipo de il√≠cito criminal‚Äù.",https://arquivo.pt/wayback/20190319073554mp_/https://bombeiros24.pt/bebe-de-14-meses-perde-a-vida-atropelado-pelo-pai-em-almancil/
√Ågata desabafa e fala sobre a sua luta contra o cancro,"Cantora de 59 anos de idade desabafa sobre a sua luta contra a doen√ßa.
√Ågata esteve no programa Al√¥ Portugal da SIC e conversou a respeito de Jos√© Figueiras e Ana Marques sobre tudo o que a imprensa tem escrito sobre si e sobre a sua fam√≠lia nos √∫ltimos tempos.
A cantora afirmou confirmou que teve um tumor no ano passado: ‚ÄúTive realmente um problema h√° um ano atr√°s, que tive durante este per√≠odo todo. Estive a ser acompanhada. Foi um tumor, sim. Julgo que est√° resolvido.‚Äù. √Ågata n√£o queria que as pessoas soubessem do seu problema: ‚ÄúEu n√£o sou pessoa de andar a√≠ a badalar a minha sa√∫de e a minha vida, porque o problema √© meu e n√£o √© de mais ningu√©m. N√£o gosto de preocupar ningu√©m.‚Äù.
‚ÄúEste m√™s vou a uma consulta de rotina, est√° tudo equilibrado, est√° tudo bem, s√£o sustos que n√≥s apanhamos, eu e os meus filhos‚Ä¶ E penso que ningu√©m est√° livre de alguma coisa deste g√©nero‚Äù.
√Ågata falou ainda de um outro assunto muito delicado, a acusa√ß√£o de abusos a uma menor que o seu filho Marco enfrenta: ‚ÄúO Marco n√£o √© a pessoa que se pinta. As noticias que sa√≠ram n√£o correspondem ao que foi dito em tribunal. N√£o me quero meter, n√£o quero prejudicar o meu filho mas ele era incapaz de cometer tamanha selvajaria.‚Äù, revela.
A cantora negou ainda que estivesse separada ‚ÄúEu fa√ßo quest√£o, quando discuto com o Francisco, de ligar a minha aparelhagem que √© muito grande, para terem a oportunidade de ouvir no Desportivo de Chaves.‚Äù fazendo assim uma piada sobre as not√≠cias que davam conta de que as discuss√µes entre o casal se ouviriam em toda a vizinhan√ßa.
‚ÄúIsso foi algum boca rota. As pessoas s√£o realmente m√°s e gostam de espalhar not√≠cias falsas‚Äù. Ainda assim, e embora incomodada com os boatos, a cantora assume-se feliz e cheia de trabalho, algo que, acredita, tamb√©m possa ter a ver com este ‚Äúboom‚Äù na imprensa nacional:",https://arquivo.pt/wayback/20190319081656mp_/https://bombeiros24.pt/agata-desabafa-e-fala-sobre-a-sua-luta-contra-o-cancro/
