Text,Source,Label,URL
"Compreendo a dor e a revolta de milhões ao verem, de repente, que são governados por um bandido ex-presidiário! Sinto o mesmo! Mas a democracia tem regras próprias e é na arena democrática que o combate tem de ser travado, não com violência!",André Ventura,0,https://www.publico.pt/2023/01/10/politica/noticia/imagem-lula-silva-algemado-partilhada-andre-ventura-verdadeira-2034525
“O SNS tem hoje cerca de 4300 médicos especialistas mais do que tinha no final de 2015”.,"Manuel Pizarro, ministro da Saúde",1,https://www.publico.pt/2022/12/09/sociedade/noticia/sns-actualmente-medicos-especialistas-final-2015-2030840
"""Não tinha de me pronunciar nem ter conhecimento dessas matérias porque a Assembleia da República é que tem a última palavra [sobre o discurso de Lula da Silva na sessão do 25 de Abril]”","Marcelo Rebelo de Sousa, Presidente da República",1,https://www.publico.pt/2023/03/03/politica/noticia/verdade-nao-marcelo-anunciar-discurso-lula-sessao-25-abril-2041026
"Vídeo de pára-quedistas russos a aterrarem em Kharkiv, na Ucrânia, é recente.
Russian military paratroopers land in Ukraine, near Kharkov.#Ukraine #Russia #RussiaUkraine #war pic.twitter.com/cNzCLZd7BN
A Rússia lançou na madrugada desta quinta-feira uma ofensiva militar em território da Ucrânia, com forças terrestres e bombardeamento de alvos em várias cidades, que as autoridades ucranianas dizem ter provocado dezenas de mortos nas primeiras horas.",twitter,0,https://www.publico.pt/2022/02/24/mundo/noticia/video-paraquedistas-russos-aterrarem-kharkiv-ucrania-recente-1996685
"“Eu creio que com excepção do Aeroporto da Madeira, não houve nenhum projecto de interesse comum de tal dimensão onde qualquer Governo da República tenha decido apoiar a região autónoma da Madeira.”",António Costa,0,https://www.publico.pt/2021/09/24/politica/noticia/estado-apoiou-madeira-ampliacao-aeroporto-1978688
"“Nós temos, em Portugal, quase um milhão de pessoas que ganha o salário mínimo nacional.”","Luís Montenegro, presidente do PSD",1,https://www.publico.pt/2022/08/19/politica/noticia/existe-quase-milhao-pessoas-receber-salario-minimo-afirmou-montenegro-2017649
Já defendo o referendo sobre a eutanásia há quase dez anos.,"Luís Montenegro, presidente do PSD",1,https://www.publico.pt/2022/12/06/politica/noticia/luis-montenegro-defende-referendo-eutanasia-ha-quase-10-anos-2030368
“Tenho uma regra de não comentar no exterior assuntos de política nacional”.,"António Costa, primeiro-ministro",1,https://www.publico.pt/2022/06/30/politica/noticia/costa-regra-nao-comentar-assuntos-nacionais-estrangeiro-2011997
"“Já tivemos um Presidente da República, Jorge Sampaio, que não deu posse a Paulo Portas na pasta dos Negócios Estrangeiros porque não poderia representar Portugal de uma forma coerente junto da UE”",,1,https://www.publico.pt/2020/12/18/politica/noticia/verdade-jorge-sampaio-recusou-dar-posse-paulo-portas-1943566
"“O Governo procedeu à assinatura de protocolos com Câmaras Municipais e organizações de proprietários e produtores florestais, visando a criação de Áreas Integradas de Gestão da Paisagem [AIGP] que previssem a implementação de operações integradas de gestão da paisagem. (...) Contudo, nada está feito, nada está implementado excepto aquilo que já estava feito pelas ZIF [zonas de intervenção florestal] e outras organizações já anteriormente existentes”.",Comunicado do PSD-Leiria,1,https://www.publico.pt/2022/06/18/sociedade/noticia/areas-integradas-gestao-paisagem-nao-executaram-nova-gestao-2010466
"“Nunca houve tantos casos na Europa, num único dia, como há agora.”","Graça Freitas, directora-geral da Saúde, 14 de Novembro de 2021",1,https://www.publico.pt/2021/11/15/sociedade/noticia/casos-covid19-europa-1985039
"Não disse, como Angela Merkel, disse ‘não há natal’. E devia ter dito.","Rui Rio, presidente do PSD",0,https://www.publico.pt/2021/02/20/politica/noticia/prova-factos-psd-nao-alertou-riscos-flexibilizar-medidas-natal-1951448
"""Os portugueses virem a ser minoria no futuro é bom, vão finalmente entender o que nós pessoas racializadas sentimos.""","Frase atribuída por um militante do Chega a Beatriz Gomes Dias, vereadora da Câmara Municipal de Lisboa pelo Bloco de Esquerda",0,https://www.publico.pt/2023/03/06/politica/noticia/beatriz-gomes-dias-bom-portugueses-virem-minoria-2041277
“Temos uma emigração à volta de 84 mil pessoas por ano.”,"Rui Rio, no frente-a-frente com o líder do PS, António Costa",1,https://www.publico.pt/2022/01/14/politica/noticia/ha-volta-84-mil-pessoas-ano-sair-pais-1991877
"“Ao longo do ano lectivo, foram colocados cerca de 27 mil horários em substituições (…) As carências de professores em 87,5% dos casos deveram-se a absentismo por baixa médica, numa média apenas ligeiramente superior à do resto da administração pública”","João Costa, ministro da Educação",0,https://www.publico.pt/2022/07/16/sociedade/noticia/carencias-professores-devemse-875-absentismo-baixa-medica-2013862
"A auditoria interna à derrapagem nas obras no antigo Hospital Militar de Belém, em Lisboa, “não está sujeita ao regime do segredo de Estado”. ","Ana Miguel dos Santos, deputada e coordenadora da bancada do PSD para a Defesa Nacional",1,https://www.publico.pt/2021/07/10/politica/noticia/relatorio-derrapagem-custos-obras-hospital-militar-belem-segredo-estado-1969809
A União Europeia financia em muito mais o esforço de guerra do país invasor do que apoia financeiramente o país invadido.,"Rui Tavares, deputado do Livre",1,https://www.publico.pt/2022/04/16/mundo/noticia/economias-ue-pagam-russia-apoio-dao-ucrania-2002603
"“Não vou reunir com ninguém, vamos seguir o nosso caminho. Fomos eleitos com um programa, os resultados é que mandam sempre nas coisas, foram os melhores de sempre no judo”","Jorge Fernandes, presidente da Federação Portuguesa de Judo (FPJ)",1,https://www.publico.pt/2022/08/12/desporto/noticia/actual-direccao-federacao-obteve-melhores-resultados-judo-2017052
Assumimos actualmente a presidência [do Conselho da União Europeia] e temos um dever de neutralidade. Nós temos o papel de ‘mediador honesto’ que tem um preço: o preço é o de que não pudemos assinar o documento hoje,,1,https://www.publico.pt/2021/06/25/politica/noticia/portugal-presidente-conselho-ue-neutralidade-1967839
Já no Verão de 2019 se colocou a possibilidade de encerramento faseado de urgências obstétricas na região de Lisboa e Vale do Tejo.,Requerimento do BE,1,https://www.publico.pt/2022/09/23/politica/noticia/encerramento-faseado-urgencias-obstetricas-lisboa-ja-pensado-2019-2021506
"“Nunca a Câmara Municipal de Setúbal celebrou ou mostrou disponibilidade para celebrar qualquer protocolo com o Alto-Comissariado para as Migrações no âmbito do acolhimento de pessoas deslocadas da Ucrânia, vítimas desta guerra”",Nota do gabinete do gabinete da ministra-adjunta e dos Assuntos Parlamentares,1,https://www.publico.pt/2022/05/14/politica/noticia/camara-setubal-mostou-disponivel-celebrar-protocolo-acm-2006086
Resultado de uma candidatura ao Mestrado Integrado em Medicina na Universidade Católica Portuguesa (UCP) foi partilhado nas redes sociais.,NONE,1,https://www.publico.pt/2022/09/27/sociedade/noticia/aluno-entrou-medicina-catolica-descendente-benemerito-universidade-2021964
,"“Temos conhecimento de que Espanha está a fechar a torneira aos rios portugueses”, Mariana Mortágua, deputada do Bloco de Esquerda",0,https://www.publico.pt/2022/10/14/azul/noticia/estado-espanhol-fechar-torneira-rios-portugueses-2024096
"“O 25 de Abril permitiu a libertação de antifascistas e democratas [em Portugal]. Na Ucrânia, acontece o contrário: há um poder que avançou no sentido da ilegalização do Partido Comunista da Ucrânia, que avançou para a ilegalização de um conjunto de partidos políticos no próprio país”","Paula Santos, líder parlamentar do PCP",0,https://www.publico.pt/2022/04/22/politica/noticia/actual-ucrania-ilegalizou-partido-comunista-2003517
"Há muitos Parlamentos por esse mundo fora que têm medidas disciplinares, a Câmara dos Comuns, por exemplo. Aí não é preciso fazer um insulto que vá para lá de dizer que alguém faltou à verdade. Basta que alguém diga que um membro do Governo ou um deputado faltou à verdade e é retirado da Câmara até ao fim dos trabalhos parlamentares do dia.","Pedro Delgado Alves, vice-presidente da bancada do PS",1,https://www.publico.pt/2023/04/28/politica/noticia/ha-parlamentos-onde-deputados-podem-mandados-sair-sala-2047665
"Até Agosto, o Estado já arrecadou mais de 6 mil milhões de euros de impostos à conta da inflação.","Nuno Melo, presidente do CDS",1,https://www.publico.pt/2022/11/04/politica/noticia/estado-ja-arrecadou-6-mil-milhoes-euros-impostos-conta-inflacao-2026535
"“O PSD e Rui Moreira trocaram violentíssimas acusações durante a campanha e, nos debates, bateram no peito uns contra os outros, por vezes raiando o insulto. Rui Moreira chamou a um dirigente do PSD ‘o Putin de Paranhos’ (…)”.","Tiago Barbosa Ribeiro, candidato derrotado do PS e presidente da concelhia socialista no Porto, no seu perfil de Facebook, a 13 de Outubro de 2021",1,https://www.publico.pt/2021/10/15/politica/noticia/rui-moreira-chamou-putin-paranhos-dirigente-psd-1981263
"“Eu próprio já fui vítima de uma injustiça em 2016 por causa de uma ida de Falcon para ver um jogo da equipa portuguesa porque se achava que havia voo comercial, mas não havia. Acabei por pagar a viagem”.","Marcelo Rebelo de Sousa, Presidente da República",0,https://www.publico.pt/2023/06/19/politica/noticia/2016-marcelo-pagou-bolso-viagem-falcon-lyon-2053848
"“Desde que descongelámos as carreiras, mais de 90% dos professores já progrediram dois escalões. Passámos de 7 professores no topo da carreira para quase 17 mil professores no topo da carreira”.","João Costa, Ministro da Educação",1,https://www.publico.pt/2023/02/27/sociedade/noticia/ha-quase-17-mil-professores-topo-carreira-ministro-educacao-2040408
“Eu disse que a inflação não ficaria abaixo dos 6%.”,"Joaquim Miranda Sarmento, líder da bancada parlamentar do PSD",1,https://www.publico.pt/2022/10/07/politica/noticia/psd-debate-oe2022-inflacao-nao-ficaria-abaixo-6-2023141
“O Chega defende sempre a diminuição do IRC mas o que temos dito é que só 20% das empresas é que pagam IRC.”,"André Ventura, líder do Chega",0,https://www.publico.pt/2022/09/30/politica/noticia/apenas-20-empresas-pagam-irc-2022291
"Todos os deputados do PSD estão adstritos, nos termos da Constituição e do regimento, a comissões parlamentares","Joaquim Miranda Sarmento, líder parlamentar do PSD",1,https://www.publico.pt/2023/06/23/politica/noticia/deputados-psd-pertencem-comissoes-parlamentares-2054443
O PS deu uma grande cambalhota e inverteu completamente as suas posições [sobre as novas alterações à lei eleitoral autárquica],"Hugo Carneiro, deputado do PSD",1,https://www.publico.pt/2021/04/24/politica/noticia/ps-deu-cambalhota-lei-eleitoral-autarquica-1959795
“O modelo marginalista foi pensado num momento em que em Portugal havia 20% de renováveis. Hoje há 60%.”,"João Pedro Matos Fernandes, ministro do Ambiente e da Acção Climática em entrevista ao Expresso",1,https://www.publico.pt/2022/03/11/economia/noticia/portugal-60-electricidade-produzida-provem-energias-renovaveis-1998446
"“O Governo nunca propôs – repito, nunca – qualquer processo de municipalização do recrutamento de professores, aliás, rejeitando-o sempre.”","João Costa, ministro da Educação",1,https://www.publico.pt/2023/01/06/sociedade/noticia/governo-propos-municipalizacao-professores-garantiu-joao-costa-2034025
Aquilo que sabemos – e que todos podem observar – é que não há no Governo qualquer tipo de relação familiar. Foram definidas regras relativamente a relações familiares nos gabinetes dos membros do Governo. Foi definida uma lei. A lei deve ser cumprida. (21 de Outubro de 2019),"António Costa, primeiro-ministro",1,https://www.publico.pt/2022/03/28/politica/noticia/antonio-costa-nao-ha-governo-qualquer-tipo-relacao-familiar-2000426
"“Anunciei, há cerca de um mês, que iria ter uma solução para a [Avenida] Almirante Reis de retirar metade da ciclovia do lado direito.”","Carlos Moedas, presidente da Câmara Municipal de Lisboa",1,https://www.publico.pt/2022/05/27/politica/noticia/carlos-moedas-anunciado-ia-acabar-metade-ciclovia-almirante-reis-2007779
O adversário que tenho [Paulo Rangel] teve o pior resultado da história do PSD.,Rui Rio,1,https://www.publico.pt/2021/10/29/politica/noticia/prova-factos-paulo-rangel-pior-resultado-historia-psd-1982965
"“O Governo diz-nos que não pode fazer mais do que está a fazer, que o que causa a inflação é a guerra, nada pode fazer. Não é verdade, primeiro porque a inflação não começou com a guerra.""","Catarina Martins, coordenadora do Bloco de Esquerda",1,https://www.publico.pt/2022/12/31/politica/noticia/inflacao-ja-subir-guerra-ucrania-2033291
"“Morreram 26 pessoas nas ciclovias em 2019, em Lisboa.”",O contexto,0,https://www.publico.pt/2021/09/08/politica/noticia/morreram-26-pessoas-ciclovias-lisboa-2019-carlos-moedas-1976713
"“[…] Durante 5 anos, 6 meses e 24 dias, Pedro Adão e Silva vai usufruir das melhores regalias que o Estado tem para oferecer. Isto para organizar as celebrações do 50º aniversário do 25 de Abril.”Rui Pinto, no Twitter",O contexto,1,https://www.publico.pt/2021/06/08/politica/noticia/pedro-adao-silva-vai-usufruir-melhores-regalias-estado-organizar-50-anos-25-abril-1965719
A Ucrânia tem vindo a implorar por defesa aérea desde Fevereiro. [O chanceler alemão] Olaf Sholz prometeu fornecer à Ucrânia [mísseis ar-ar infravermelhos de curto a médio alcance] Iris-T em Novembro. [O Presidente dos EUA] Joe Biden está a considerar a possibilidade de fornecer [sistemas de mísseis terra-ar] Patriots. Só a Rússia não espera. Imagens de mãe e filho às 9h38 e às 10h.,twitter,1,https://www.publico.pt/2022/07/15/mundo/noticia/imagem-corpo-menina-carrinho-bebe-encontrado-soldados-ucranianos-verdadeira-2013766
"PSD, PCP e Chega querem continuar a dar borlas aos toureiros, continuar a ter benefícios fiscais como, por exemplo, a isenção do Campo Pequeno, que são 12 milhões ao ano.",Inês de Sousa Real,1,https://www.publico.pt/2022/11/25/politica/noticia/psd-pcp-chega-defendem-isencao-imi-praca-touros-campo-2029012
"“Uma alternativa para ser forte tem de ter um partido liderante do hemisfério mais forte do que os outros. O PS, mesmo com aquelas formas originais dos dois governos anteriores, era muito mais forte em termos eleitorais e em termos políticos do que os demais.”","Marcelo Rebelo de Sousa, Presidente da República",1,https://www.publico.pt/2023/03/11/politica/noticia/ps-eleitoralmente-forte-dentro-geringonca-psd-face-il-chega-2041931
"“Carlos Moedas, o presidente que cancelou 460 habitações a preços acessíveis no Restelo. Há a esquerda ideológica e a direita sem vergonha, que vê áreas da cidade como reservadas a alguns.”","Pedro Anastácio, vereador do PS na Câmara Municipal de Lisboa",1,https://www.publico.pt/2023/02/24/local/noticia/carlos-moedas-cancelou-construcao-460-habitacoes-precos-acessiveis-restelo-2040015
"Berlim acabou com o alojamento local. Nova Iorque não tem alojamento local.Francisco César,Vice-presidente do grupo parlamentar do PS",O contexto,0,https://www.publico.pt/2023/03/31/economia/noticia/berlim-nova-iorque-acabaram-alojamento-local-2044456
"“Nenhum dos inspectores do SEF que estavam no centro entre 10 a 12 de Março [dias de permanência de Ihor Homenyuk] nem os seguranças que foram censurados pelo relatório da IGAI, estão em funções no aeroporto.”",Eduardo Cabrita Ministro da Administração Interna,1,https://www.publico.pt/2020/12/25/sociedade/noticia/verdade-ja-nao-aeroporto-inspectores-sef-visados-relatorio-igai-1944175
"""As Ordens decidiram reafirmar a sua preocupação com o teor das declarações de responsáveis políticos e outros que pretendem ligar esta revisão legislativa com exigências do PRR de redução das restrições ao acesso a profissões altamente reguladas, o que não corresponde à verdade""","Comunicado do Conselho Nacional das Ordens Profissionais (CNOP), 16 de Fevereiro de 2023",1,https://www.publico.pt/2023/02/17/economia/noticia/reforma-ordens-nao-exigencia-prr-2039399
"“Estamos a crescer novamente a uma média superior à do resto da Europa como aconteceu em 2017, 2018 e 2019”","António Costa, primeiro-ministro",1,https://www.publico.pt/2021/09/10/politica/noticia/portugal-ja-crescer-media-europeia-afirma-antonio-costa-1977051
"Consideramos imorais e ilegítimos quaisquer gestos de legitimação, e até de celebração, desta barbárie civilizacional. Foi por isso que, também na sequência de um repto lançado pela Frente Cívica, as Câmaras de Lisboa e do Porto fizeram saber que não instalariam nos seus espaços públicos quaisquer fan zones ou áreas para visualização colectiva dos jogos, na senda de decisões semelhantes já tomadas por inúmeras cidades europeias.",Carta da Frente Cívica,1,https://www.publico.pt/2022/11/18/local/noticia/lisboa-porto-nao-vao-fun-zones-protesto-violacao-direitos-humanos-qatar-2028252
"“Desde 2012, existe uma legislação que diz tudo o que há a dizer sobre constituição de gabinetes (...) e estes procedimentos foram seguidos”","Mariana Vieira da Silva, ministra da Presidência",1,https://www.publico.pt/2022/11/11/politica/noticia/nomeacao-adjunto-21-anos-seguiu-procedimentos-legais-2027422
"Treze meses e 13 demissões depois de tomar posse, o Governo perdeu o Norte e está em agonia por sua culpa exclusiva. Independentemente do desfecho desta crise, o primeiro-ministro teve o seu canto de cisne.","Luís Montenegro, líder do PSD",1,https://www.publico.pt/2023/05/05/politica/noticia/ja-13-demissoes-neste-governo-montenegro-2048507
“A economia portuguesa não está a crescer [apenas] acima da média da União Europeia. A economia portuguesa está a crescer acima de cada um dos países da União Europeia.”,"Fernando Medina, ministro das Finanças",1,https://www.publico.pt/2022/09/16/economia/noticia/portugal-crescer-paises-ue-medina-2020721
"Manuel Pizarro, quando era secretário de Estado da Saúde do Governo de José Sócrates, já recorreu a estes modelos de contratação e o Governo PSD/ CDS renovou a situação quando chegou ao poder.","Rui Rocha, presidente da IL sobre contratação de médicos cubanos pelo SNS",1,https://www.publico.pt/2023/07/08/politica/noticia/governo-psd-tambem-contratou-medicos-cubanos-sns-2056142
"Vaticano lançou mesmo um selo comemorativo da JMJ com o Padrão dos Descobrimentos.
A imagem motivou reacções de indignação nas redes sociais por parte de vários utilizadores, que fizeram notas sobre as semelhanças entre a ilustração presente no selo e algumas do Secretariado de Propaganda Nacional.
Por acaso foi uma ideia genial ir buscar a imagem para o selo da JMJ aos arquivos do Secretariado de Propaganda Nacional e meter o logo ali no cantinho. ????? pic.twitter.com/mmBoVDwDre",twitter,1,https://www.publico.pt/2023/05/16/sociedade/noticia/vaticano-lancou-selo-comemorativo-jmj-padrao-descobrimentos-2049786
“Um em cada cinco funcionários públicos está a usar bancos alimentares e 35% saltaram refeições porque não têm comida. É grotesco que Liz Truss possa usufruir de 115 mil libras anuais”,"Mark Serwotka, secretário-geral do Sindicato dos Serviços Públicos e Comerciais",1,https://www.publico.pt/2022/10/28/mundo/noticia/liz-truss-vai-receber-apoio-anual-vitalicio-115-mil-libras-2025702
"Em declarações à TSF, a 27 de Julho, o deputado comunista, António Filipe, membro da comissão parlamentar de Defesa, referiu que o cartão de ex-combatente não era reconhecido como título de acesso gratuito dos seus portadores aos transportes públicos.",NONE,1,https://www.publico.pt/2021/07/31/politica/noticia/cartao-excombatente-nao-valido-transportes-publicos-1972267
"Eurico Brilhante Dias lançou uma acusação muito grave sobre os outros grupos parlamentares e sobre os outros deputados que participam na comissão parlamentar de inquérito, de que teria partido da comissão parlamentar de inquérito (CPI) à TAP a fuga de informação.",Joaquim Miranda Sarmento,1,https://www.publico.pt/2023/05/26/politica/noticia/lider-parlamentar-ps-lancou-acusacao-deputados-fuga-informacao-tap-2051176
"“Na altura, Costa atribuiu a culpa aos caprichos de São Pedro. Disse: ‘São Pedro goza de um estatuto de imunidade que está acima das responsabilidades.’”","Rodrigo Saraiva, deputado da Iniciativa Liberal",1,https://www.publico.pt/2022/12/16/politica/noticia/costa-atribuiu-cheias-2014-caprichos-sao-pedro-2031789
“Quem deve prevenir não conseguiu prevenir. E quem deve prevenir são as autoridades”,O contexto,1,https://www.publico.pt/2021/05/14/politica/noticia/marcelo-criticou-falhanco-autoridades-festa-sporting-1962617
“Houve sete deputados do grupo [a que o PCP pertence] que votaram contra esta resolução na companhia de um deputado da extrema-direita e de quatro deputados não inscritos”,"Pedro Silva Pereira, eurodeputado do PS (CNN Portugal), 1 de Março de 2022",1,https://www.publico.pt/2022/03/04/politica/noticia/pcp-votou-resolucao-parlamento-europeu-condenacao-invasao-ucrania-lado-extremadireita-1997537
“Nós no Bloco trabalhamos para descer as propinas. A Iniciativa Liberal não só quer reverter esse processo como quer pôr os estudantes a pagarem integralmente o custo do ensino e a ficarem endividados o resto da vida.”,Catarina Martins,1,https://www.publico.pt/2022/01/07/politica/noticia/il-quer-estudantes-pagarem-integralmente-custo-ensino-superior-1991088
"""Não há alteração ao que está contratado”",Esclarecimento do gabinete de António Costa ao jornal Observador sobre as dúvidas legais levantadas pelo teor do seu despacho.,1,https://www.publico.pt/2022/08/05/politica/noticia/despacho-endesa-nao-altera-contratado-estado-2016297
"“No Algarve temos 40 campos de golfe que usam água potável – água que poderíamos beber e que faz falta às populações, numa região que está a ratear a água para consumo humano.”","Pedro Filipe Soares, deputado e líder parlamentar do Bloco de Esquerda",1,https://www.publico.pt/2022/07/23/politica/noticia/ha-40-campos-golfe-algarve-usarem-agua-potavel-2014699
,"Se um ministro for acusado, a própria Constituição até diz o que deve acontecer. A Constituição diz – e ninguém propôs nenhuma alteração no processo de revisão constitucional – é que, se houver um ministro acusado, a Assembleia da República delibera se deve ou não deve suspender as suas funções.""Primeiro-ministro, António Costa",1,https://www.publico.pt/2023/01/31/politica/noticia/ministro-acusado-crime-ar-decide-suspende-funcoes-costa-2037044
"“A diminuição da população é óbvio que não é um problema da gestão de Rui Moreira, vem de há décadas no Porto. Mas, por exemplo, a perda de alunos nas nossas escolas, que vai do pré-escolar até ao ensino secundário, é clara e notória. Perdemos 20% dos alunos em oito anos, o que revela bem a perda de competitividade do sector educativo quer para outros concelhos, quer com a perda de população”",Vladimiro Feliz,1,https://www.publico.pt/2021/09/17/politica/noticia/porto-sentiu-quebra-20-alunos-matriculados-ultimos-oito-anos-1977778
“[...] o ‘Manel’ que está há quatro anos à espera de uma consulta de oncologia e não tem no SNS [...]”,Francisco Rodrigues dos Santos no debate de líderes na RTP 1,0,https://www.publico.pt/2022/01/20/sociedade/noticia/sns-doentes-ha-quatro-anos-espera-consulta-oncologia-1992415
"“Apresentação dos membros da candidatura à comissão executiva da Iniciativa Liberal, com a presença de Tiago Mayan, ex-candidato à Presidência da República, em Aveiro. Para garantir a participação efectiva de todos, teremos serviço de babysitting 3 – 12 anos”","Carla Castro, candidata à presidência da comissão executiva da Iniciativa Liberal",1,https://www.publico.pt/2022/12/23/politica/noticia/candidata-il-servico-babysitting-lancamento-candidatura-2032544
“Estamos a falar de um parque de campismo em situação de insolvência em que o Estado é o maior credor” ,"Eduardo Cabrita, ministro da Administração Interna",0,https://www.publico.pt/2021/05/07/politica/noticia/estado-maior-credor-empreendimentos-zmar-1961678
Impostos diminuem nos Açores.,redes sociais,1,https://www.publico.pt/2021/04/30/economia/noticia/impostos-vao-baixar-acores-1960767
"""As autoridades romenas precisavam de provas de que Andrew Tate estava no país e para isso terão usado as suas publicações nas redes sociais. O seu vídeo ridículo de ontem com uma pizza de um cadeia de pizzarias romena, Jerry’s Pizza, confirmou que ele estava no país.""","Alejandra Caraballo, utilizadora do Twitter",1,https://www.publico.pt/2022/12/30/impar/noticia/caixa-pizza-denunciou-andrew-tate-autoridades-romenas-2033232
“Ninguém proibiu ninguém de ter o ensino online.”,"António Costa, primeiro-ministro, no programa Circulatura do Quadrado, TVI24, 27 de Janeiro de 2021",0,https://www.publico.pt/2021/01/28/politica/noticia/privados-dado-aulas-online-ultimos-15-dias-1948283
“A Madeira é a região do país com a melhor taxa de vacinação”,"Rubina Leal, deputada do PSD na Assembleia Legislativa da Madeira",0,https://www.publico.pt/2021/06/30/sociedade/noticia/madeira-regiao-pais-melhor-taxa-vacinacao-1968524
“O decreto hoje promulgado pelo Presidente da República é uma importante notícia para a estabilidade da vida dos docentes. Com este diploma milhares de professores vão finalmente ser vinculados. Para muitos acabarão os dias 'da casa às costas'”.,"António Costa, Twitter, 8 de Maio",1,https://www.publico.pt/2023/05/12/sociedade/noticia/novo-regime-concursos-acabara-professores-casa-costas-2049483
"Esta imagem mostra 100 mil pessoas a festejar o campeonato nas ruas de Nápoles.
Analisemos esta imagem de duas formas distintas: a primeira prende-se com a sua origem. Uma pesquisa no Google permite perceber onde é que esta fotografia foi partilhada, mas, mais importante ainda, fornece datas dessas mesmas publicações. Uma das primeiras vezes em que esta fotografia surgiu online foi num num vídeo de Tik Tok na passada terça-feira. Neste vídeo, surgem ainda mais duas fotografias do mesmo estilo, mostrando os mesmos problemas que iremos enunciar mais abaixo.
Ou seja, mesmo que fosse uma imagem verídica, as datas não coincidiam com as descrições feitas. Também no Twitter existiram publicações anteriores à noite de quinta-feira, algo que desmonta por completo a ideia de que a fotografia retrata os festejos do título napolitano.",twitter,0,https://www.publico.pt/2023/05/05/desporto/noticia/imagem-mostra-100-mil-pessoas-festejar-campeonato-ruas-napoles-2048569
"“Neste momento, o grupo que mais infecção tem, de todos, é o dos 0 aos 9 anos, particularmente dos 5 aos 9 porque é o único que não está vacinado”","Directora-geral da Saúde, Graça Freitas, em entrevista à RTP a 1 de Dezembro",0,https://www.publico.pt/2021/12/03/sociedade/noticia/grupo-etario-infeccao-covid19-criancas-abaixo-9-anos-1987344
"""Nós, no PSD, somos fundadores do Serviço Nacional de Saúde (SNS). Estamos com o SNS.”","Adão Silva, líder parlamentar do PSD",0,https://www.publico.pt/2021/07/23/politica/noticia/psd-fundador-sns-adao-silva-1971419
"“Se um empregador aumentar o salário médio bruto em 20%, o empregado tem uma subida de 16%, (...) mas a colecta de IRS sobe mais de 30%”.","Carlos Guimarães Pinto, deputado da Iniciativa Liberal",1,https://www.publico.pt/2022/07/20/sociedade/noticia/aumento-20-salario-bruto-medio-sobe-30-colecta-irs-2014415
Já têm o Dístico de Carro Eléctrico? Sabiam que é obrigatório e caso não o tenham pode levar multa?,NONE,0,https://www.publico.pt/2022/12/13/sociedade/noticia/distico-azul-obrigatorio-carros-electricos-dar-multa-facebook-2031320
"“Quem pode fazer cessar as funções de chairman e de CEO [da TAP] é a assembleia geral, não é um despacho governamental”",".Presidente da República, Marcelo Rebelo de Sousa, no dia 9 de Março em entrevista à RTP e ao PÚBLICO",1,https://www.publico.pt/2023/03/10/economia/noticia/governo-nao-demitir-ceo-tap-despacho-2041970
"""Durante os seis anos do meu Governo, o peso dos impostos no Produto Interno Bruto desceu um ponto percentual”","António Costa, no frente-a-frente com Rui Rio",0,https://www.publico.pt/2022/01/13/economia/noticia/costa-baixou-peso-impostos-pib-ponto-percentual-1991838
“Há um número que esse não tenho dúvida que é o reforço do programa chamado MAREESS que foram 25 mil novas pessoas que estão a trabalhar nos lares e que permitem aumentar o cuidado relativamente aos nosso idosos.”,"António Costa, primeiro-ministro",1,https://www.publico.pt/2021/12/17/politica/noticia/ha-25-mil-novas-pessoas-trabalhar-lares-antonio-costa-1989092
"“Constatamos que infelizmente as companhias de aviação não têm cumprido a sua obrigação e, por isso, alterámos o quadro contra-ordenacional e passaremos a aplicar uma coima de 20 mil euros por cada passageiro que seja desembarcado no território português sem que esteja devidamente testado”","António Costa, primeiro-ministro, em conferência de imprensa",1,https://www.publico.pt/2021/11/26/economia/noticia/ha-passageiros-desembarcar-teste-covid19-obrigatorio-1986514
Estou aqui há quatro anos e estes quatro anos são o recorde nacional da liderança da oposição. Não há ninguém que tenha resistido quatro anos na liderança da oposição.,Intervenção de Rui Rio no conselho nacional do passado sábado,1,https://www.publico.pt/2022/02/22/politica/noticia/rui-rio-detem-recorde-lideranca-oposicao-1996415
"“Portugal tem hoje o rendimento per capita, face à média europeia, inferior àquilo que tinha em 2016”","Joaquim Miranda Sarmento, líder parlamentar do PSD",1,https://www.publico.pt/2022/07/20/politica/noticia/rendimento-capita-portugues-piorou-relacao-media-europeia-desde-2016-2014391
"""A região do Alentejo tem 3 milhões de hectares, a área de olival são 170 mil hectares. A parte relativa ao olival intensivo é 1,5% do conjunto da área do Alentejo""",António Costa,0,https://www.publico.pt/2019/09/13/politica/noticia/olival-intensivo-ocupa-apenas-15-conjunto-area-alentejo-1886552
"“A primeira vez que se fala, no séc. XXI em Portugal, na privatização da TAP foi no PEC I""","Paulo Rios de Oliveira, deputado do PSD",0,https://www.publico.pt/2022/10/21/politica/noticia/primeira-falou-privatizacao-tap-socrates-2024892
"O galeão de paternidade de Homer
Não acredito que Os Simpsons previram a situação do submersível do Titanic!
Mais uma previsão d'Os Simpsons, agora com o submersível desaparecido, a sério, essa série assusta-me!",twitter,0,https://www.publico.pt/2023/06/22/ciencia/noticia/simpsons-previram-desaparecimento-submarino-titan-2054255
"Há uma nova legislação, um novo decreto-lei para tornar mais cuidadoso o processo de selecção das candidaturas à nacionalidade portuguesa. Parece-me muito razoável. Uma versão anterior ia no sentido contrário: bastava comprar um imóvel e já era possível.","Francisco Louçã, no dia 18 de Março, na SICN",0,https://www.publico.pt/2022/03/25/politica/noticia/bastava-comprar-imovel-obter-nacionalidade-portuguesa-2000162
"“O que eu sei é que no Booking , Coimbra já esgotou capacidade de alojamento para dia 17 Maio.”","Francisco Veiga, vice-presidente da Câmara Municipal de Coimbra, à RTP.",1,https://www.publico.pt/2022/08/26/fugas/noticia/booking-ja-esgotou-coimbra-causa-coldplay-vicepresidente-camara-2018409
"“Entre tantos, Rui Tavares foi escolhido para a telescola, destilando ideologia e transformando alunos em cobaias do socialismo. Nem disfarçam. Uma aviltante e ignóbil revolução cultural em marcha que pais sem recursos não podem evitar. Política travestida de educação. Miséria”","Nuno Melo, Twitter, 4 de Maio de 2020",0,https://www.publico.pt/2020/05/06/politica/noticia/rui-tavares-transforma-alunos-cobaias-socialismo-1915330
"“Só naqueles 7 mil hectares [no perímetro de rega do Mira] temos 15% da exportação nacional de frutas, legumes e flores”","António Costa, primeiro-ministro, durante debate parlamentar de dia 12 de Maio",0,https://www.publico.pt/2021/05/14/economia/noticia/odemira-exporta-200-milhoes-euros-fileira-frutas-legumes-flores-1962574
“Apenas oito países têm ainda práticas tauromáquicas”,Cristina Rodrigues,1,https://www.publico.pt/2021/09/03/politica/noticia/so-oito-paises-touradas-1976186
“O salário mínimo nacional tem já uma perda de 50 euros desde o início do ano.”,"João Ferreira, dirigente do PCP e vereador na Câmara Municipal de Lisboa",1,https://www.publico.pt/2022/09/09/economia/noticia/salario-minimo-ja-perdeu-50-euros-desde-inicio-ano-2019993
"“O primeiro trimestre de 2021 fixou um novo máximo de investimento empresarial, pelo menos, desde 1999, início da série estatística”","António Costa, primeiro-ministro",1,https://www.publico.pt/2021/07/22/economia/noticia/investimento-privado-atingiu-novo-maximo-historico-trimestre-2021-1971405
"“A taxa de positividade [em Portugal] quase duplicou desde a última revisão” Ministro dos Transportes britânico, Grant Schapps",O contexto,0,https://www.publico.pt/2021/06/05/sociedade/noticia/taxa-positividade-testes-covid9-duplicou-portugal-1965377
"“Hoje, aqui no fim do jogo, somos campeões e a melhor equipa de sempre em termos de resultados”","

Rúben Amorim, treinador do Sporting                


Partilhar citação




Partilhar no Facebook





Partilhar no Twitter",1,https://www.publico.pt/2021/05/13/desporto/noticia/sporting-ruben-amorim-melhor-classificacao-1962436
"“Aparentemente [a BA.2, uma linhagem da Ómicron] será um bocadinho mais transmissível e aparentemente poderá ser ligeiramente mais agressiva.”","Graça Freitas, directora-geral da Saúde, numa conferência de imprensa esta sexta-feira",1,https://www.publico.pt/2022/02/26/ciencia/noticia/linhagem-ba2-transmissivel-podera-ligeiramente-agressiva-omicron-original-1996871
"Os críticos neoliberais do Serviço Nacional de Saúde (SNS) dizem que é um problema de gestão. Mas vemos que não é um problema de gestão, é de falta de recursos. A Alemanha gasta 9% do PIB em Saúde. Nós só gastamos 6% do PIB. O que é que faríamos, se tivéssemos a capacidade de gastar 9% no reforço do SNS? (...) A fantasia dos seguros não serve a saúde pública​.",Ana Gomes no debate presidencial de 12 de Janeiro de 2021,1,https://www.publico.pt/2021/01/14/politica/noticia/alemanha-gasta-dinheiro-saude-portugal-ana-gomes-1946203
"“Posso anunciar que, já na próxima segunda-feira, a nova descida do ISP permitirá baixar a carga fiscal em 20 cêntimos por litro, o que permitirá reduzir 62% do aumento do preço da gasolina e 42% do aumento do preço do gasóleo sofrido pelos consumidores desde Outubro”","António Costa, primeiro-ministrodia 28 de Abril",0,https://www.publico.pt/2022/05/06/politica/noticia/baixa-isp-permitiu-reduzir-62-aumento-preco-gasolina-2005145
"Vídeo de Zelensky a anunciar rendição da Ucrânia é verdadeiro.
A deepfake of Ukrainian President Volodymyr Zelensky calling on his soldiers to lay down their weapons was reportedly uploaded to a hacked Ukrainian news website today, per @Shayan86 pic.twitter.com/tXLrYECGY4
No vídeo, que chegou a estar disponível site do canal de televisão nacional Ukraine 24 e a ser transmitido, por breves instantes na emissão em directo, Zelensky parecia apelar para que todos os militares e civis que defendem o território largassem as armas e se rendessem a Moscovo.",twitter,0,https://www.publico.pt/2022/03/17/mundo/noticia/video-zelenskii-anunciar-rendicao-ucrania-verdadeiro-1999129
"“O rendimento per capita português cresceu mais do que 4%, ano a ano, desde 2015. Nunca esta sequência de crescimentos anuais se tinha verificado em Portugal” Mário Centeno, em entrevista à Lusa",NONE,1,https://www.publico.pt/2019/09/28/politica/noticia/verdade-rendimento-cresceu-portugal-1888177
"A frase foi dita por Catarina Martins na terça-feira, no frente-a-frente com a líder do CDS, Assunção Cristas, na RTP3. Estava a discutir-se a política energética em Portugal e a líder do BE disse esta frase como justificação para o facto de ser contra a construção de novas barragens.",Como Catarina,0,https://www.publico.pt/2019/09/05/politica/noticia/evaporacao-agua-barragens-problema-complicado-1885673
“Deve pagar os portes de envio e preencher a sua morada para o receber”,E-mail que tem circulado com uma conta de endereço electrónico intitulada CTTencomenda,0,https://www.publico.pt/2022/11/22/sociedade/noticia/email-ctt-pedido-pagamento-2-euros-verdadeiro-2028767
"""Temos hoje um valor de Rendimento Social de Inserção (RSI) extraordinariamente elevado. Estamos a falar de mais de 300 milhões por ano. Só para as pessoas terem uma ideia é um terço, é um bocadinho mais do que um terço de todos os salários da Administração Pública.”","André Ventura, no frente-a-frente com João Cotrim de Figueiredo, domingo à noite na CNN Portugal",0,https://www.publico.pt/2022/01/10/politica/noticia/despesa-rsi-terco-salarios-administracao-publica-1991343
“Eu não consigo explicar aos cidadãos europeus porque estamos a exportar vacinas para países que estão a produzir e não enviam nada”.,"Ursula von der Leyen, 18 de Março de 2021",1,https://www.publico.pt/2021/03/19/mundo/noticia/verdade-ue-exporta-vacinas-paises-estao-produzir-nao-enviam-nada-1955215
"Vladimir Putin declarou a lei marcial na Rússia num discurso esta segunda-feira.
In #Russia, several radio stations and even local TV networks appear to have been hacked to broadcast a deep fake address allegedly by president Putin.This fake address announced mass mobilisation and introduced martial law in border regions.1/2pic.twitter.com/Z79Jqjil6W
O conteúdo surge numa altura em que as autoridades russas têm reportado uma intensificação das investidas ucranianas nos territórios próximas à fronteira com a Ucrânia — em que se incluem Kursk, Belgorod e Bryansk. Os combates na região foram noticiados numa reportagem do The New York Times, que entrevistou a população de Belgorod e confirmou os ataques aéreos perpetrados por milícias aliadas aos ucranianos nas povoações fronteiriças principalmente desde Maio deste ano.",twitter,0,https://www.publico.pt/2023/06/07/mundo/noticia/vladimir-putin-declarou-lei-marcial-russia-discurso-segundafeira-2052541
"“Se olharem para aquilo que vale o ouro em termos de exportações russas, tem alguma relevância”.","Ministro dos Negócios Estrangeiros, João Gomes Cravinho, no final da reunião de ministros dos Negócios Estrangeiros da União Europeia, esta segunda-feira, em Bruxelas.",1,https://www.publico.pt/2022/07/19/politica/noticia/exportacao-ouro-relevante-balanca-comercial-russia-joao-gomes-cravinho-2014249
"A imagem do aperto de mão entre Le Pen e Putin é verdadeira.
Tendo em conta que a guerra na Ucrânia rebentou em plena pré-campanha eleitoral para as eleições francesas, o gesto é encarado como uma potencial fraqueza por parte da líder de extrema-direita. O tweet gera controvérsia pela proximidade entre o Presidente russo e Marine Le Pen.
Esta quarta-feira, o grupo que reivindicou o ciberataque da passada sexta-feira ao Kremlin publicou um tweet de uma imagem em que Marine Le Pen, rosto da extrema-direita francesa, e Vladimir Putin surgem a apertar a mão.",,1,https://www.publico.pt/2022/03/03/mundo/noticia/imagem-aperto-mao-le-pen-putin-verdadeira-1997468
Há regiões do país em que o salário médio está em 900 e 800 euros por mês.,"Catarina Martins, coordenadora do BE, em entrevista à RTP no dia 17",1,https://www.publico.pt/2021/11/19/politica/noticia/salario-medio-regioes-pais-apenas-800-euros-1985591
"O relatório chocante, publicado hoje, descreve até onde vai o TikTok na recolha de dados pessoais dos seus utilizadores, que alguns receiam que sejam utilizados pela China para ciber-espionagem",,1,https://www.publico.pt/2022/07/22/tecnologia/noticia/tiktok-envia-informacao-privada-utilizadores-china-2014700
A frase“Não há nada de extraordinário [na Lotaria do Património]. Portugal está a fazer exactamente o que outros Estados-membros fizeram”.,"Graça Fonseca, Ministra da Cultura",1,https://www.publico.pt/2021/05/22/culturaipsilon/noticia/ha-paises-ue-financiem-patrimonio-lotaria-1963598
“Um Presidente não pode exonerar ministros sem ser sob proposta do primeiro-ministro”,,1,https://www.publico.pt/2021/01/09/politica/noticia/presidente-demitir-ministros-1945558
“O Brasil tem uma taxa de infecção muito inferior à portuguesa em função da população”,José Miguel Júdice,0,https://www.publico.pt/2021/06/23/sociedade/noticia/brasil-taxa-infeccao-inferior-portuguesa-funcao-populacao-1967607
“Em 47 anos de democracia nunca nenhum orçamento foi chumbado.”,"Marques Mendes, comentador da SIC e ex-líder do PSD",1,https://www.publico.pt/2021/10/23/politica/noticia/47-anos-democracia-orcamento-chumbado-1982112
“Não há mais nenhum ministro nos últimos 50 anos que se possa gabar de ter deixado as suas funções com a TAP e a CP a darem lucro”,"Pedro Nuno Santos, ex-ministro das Infra-estruturas, na Comissão Parlamentar de Economia",1,https://www.publico.pt/2023/06/06/economia/noticia/ultimos-50-anos-ministro-deixou-funcoes-tap-cp-darem-lucro-pedro-nuno-santos-2052432
A Pfizer não testou se a sua vacina de ARN-mensageiro contra a covid-19 impedia a transmissão entre as pessoas antes da sua entrada no mercado.,,0,https://www.publico.pt/2022/10/17/ciencia/noticia/pfizer-testar-vacina-impedia-transmissao-covid19-2024314
"“Com o socialismo, as desigualdades aumentaram e a taxa de risco de pobreza antes de prestações sociais foi em 2019 de 43%, quando em 1995 era de 37%.”",Luís Montenegro,0,https://www.publico.pt/2022/04/08/politica/noticia/socialismo-desigualdades-aumentaram-2001869
"“A condecoração, até aos 50 anos do 25 de Abril, de todos os militares que o fizeram é uma justiça ainda não cabalmente prestada, iniciada pelo Presidente Ramalho Eanes, continuada pelo Presidente Mário Soares e a seguir, pelo Presidente Jorge Sampaio, mas conheceu uma descontinuidade e o seu reatamento, em 2021”.","Marcelo Rebelo de Sousa, Presidente da República",1,https://www.publico.pt/2021/03/06/politica/noticia/verdade-cavaco-silva-nao-condecorou-militar-abril-1953291
"“Todos os anos se acumulam muitas encomendas não reclamadas nos correios. De acordo com as regras, a CTT pode deitar fora estas encomendas, mas distribui as encomendas aleatórias por apenas 1,95 euros. Pode facilmente ganhar um iPhone, qualquer aparelho de cozinha, tal como um aspirador, e outros artigos.”",O contexto,0,https://www.publico.pt/2023/01/05/tecnologia/noticia/paletes-iphones-estao-vendidas-ctt-195-euros-2033859
"Uma rapariga ucraniana de oito anos confronta um soldado russo, dizendo-lhe para voltar para o seu país. Isto é coragem...",twitter,0,https://www.publico.pt/2022/03/16/mundo/noticia/foto-menina-confrontar-soldado-russo-tirada-ucrania-1998990
"“Isto é uma flagrante injustiça face à generalidade dos partidos portugueses e, em especial, aos dois que referi [PCP e BE], onde a concentração de poderes predomina há décadas sem uma palavra do Tribunal Constitucional.”","André Ventura, presidente do Chega",0,https://www.publico.pt/2022/11/16/politica/noticia/ha-concentracao-poderes-figura-lideres-be-pcp-andre-ventura-2028012
"“O salário mínimo, desde 2016 até agora, já subiu 39,6%”",António Costa,0,https://www.publico.pt/2021/11/12/politica/noticia/salario-minimo-subiu-39-desde-2016-ate-1984740
"“A crise política começou com uma não aprovação de um orçamento, mas não teve a ver com dificuldades orçamentais, nem as questões que estavam em cima da mesa resultavam do que estava associado a um orçamento”","João Leão, ministro das Finanças, na abertura da Money Conference",1,https://www.publico.pt/2021/11/05/politica/noticia/actual-crise-nao-origem-questoes-financeiras-orcamentais-1983813
"“O Chega teve um crescimento que nunca se viu, nem nos anos 80. É um crescimento que nunca se viu na sociedade portuguesa: passar de 1,3% para 12%, praticamente.”",O contexto,0,https://www.publico.pt/2021/05/29/politica/noticia/chega-cresceu-viu-portugal-1964313
"""[Carlos Moedas] vai criar um suposto gabinete anticorrupção quando já tinha atribuído um pelouro com essas funções""",Excerto de um comunicado do grupo de vereadores do PS na Câmara de Lisboa,1,https://www.publico.pt/2023/01/20/local/noticia/moedas-vai-criar-departamento-anticorrupcao-ja-pelouro-funcao-2035874
“Vamos fazer a maior compra da história da CP”,"Pedro Nuno Santos, ministro das Infra-Estruturas e Habitação",1,https://www.publico.pt/2021/07/16/economia/noticia/governo-vai-maior-compra-historia-cp-1970632
"“O sucedido também resulta de uma lei de 1974, totalmente desactualizada, e por isso o Governo está a trabalhar no sentido de promover uma nova proposta para promover uma actualização da lei relativa ao direito de manifestação​.”","José Luís Carneiro, secretário-geral-adjunto do PS",0,https://www.publico.pt/2021/06/15/politica/noticia/verdade-lei-1974-obriga-enviar-dados-pessoais-manifestantes-embaixadas-1966601
"“Estamos a escrever para solicitar urgentemente que o 5G seja implementado em todo o país, excepto a cerca de 2 milhas [3.2 quilómetros] das pistas dos aeroportos” (...) “[Devem ser tomadas medidas para que as torres de 5G não estejam] demasiado próximas das pistas do aeroporto até que a FAA [Federal Aviation Administration] possa determinar como isso pode ser realizado em segurança sem perturbações catastróficas.”","Carta conjunta enviada à Casa Branca a 17 de Janeiro, assinada pelo grupo comercial Airlines for America, pelos presidentes executivos das companhias American Airlines, Delta Air Lines, United Airlines, Southwest Airlines e Jet Blue, e pelos líderes dos serviços de transportes UPS e FedEx,",1,https://www.publico.pt/2022/01/28/tecnologia/noticia/redes-5g-podem-causar-problemas-avioes-eua-1993529
"“Esta proposta do Bloco de Esquerda que foi aprovada com os votos do PSD representa a quebra de um compromisso assumido pelo Estado português, a quebra de um contrato, e acaba, no nosso ponto de vista, por ser uma bomba atómica na confiança do sistema financeiro”",,0,https://www.publico.pt/2020/12/05/politica/noticia/parlamento-quebrou-contrato-novo-banco-1941832
"“António Costa disse, e tão bem, que as pessoas em Portugal têm má memória das maiorias absolutas”","Catarina Martins, coordenadora do Bloco de Esquerda",1,https://www.publico.pt/2022/01/21/politica/noticia/portugueses-ma-memoria-maiorias-absolutas-frase-antonio-costa-catarina-martins-1992655
"“Não estou completamente certo, mas eu penso que um ministro hoje já não pode, durante um largo período de tempo, ir para empresas que tutelou.”",Rui Rio,1,https://www.publico.pt/2022/01/04/politica/noticia/ministro-nao-durante-largo-periodo-tempo-ir-empresas-tutelou-rui-rio-1990766
"Se existissem dúvidas de que a tecnologia está a mudar o sistema produtivo em Portugal, no ano de 2015 as nossas empresas tecnológicas valiam 1% do PIB, em 2021 passaram a valer 18% do PIB, 37 mil milhões de euros.","António Costa Silva, ministro da Economia e do Mar, Parlamento, 27 de Outubro de 2022",1,https://www.publico.pt/2022/10/29/economia/noticia/sector-tecnologico-portugues-vale-18-produto-interno-bruto-2025638
O valor é alto – mas é conducente com os valores pagos naquela empresa – tal como aconteceu na Caixa Geral de Depósitos (CGD) onde pagaram 1 milhão de euros a um administrador e 750 mil euros a outro,"Pedro Nuno Santos, ex-ministro das Infra-Estruturas",1,https://www.publico.pt/2023/06/15/economia/noticia/cgd-pagaram-milhao-euros-exadministrador-750-mil-euros-pedro-nuno-santos-2053457
“Então os senhores há menos de um ano votaram contra uma proposta deste Parlamento para reduzir as portagens e agora querem circular sem pagar? O PS é que não quis abolir portagens.”,"Carlos Peixoto, deputado do PSD, a 13 de Maio, no Parlamento",1,https://www.publico.pt/2021/05/17/politica/noticia/ps-votou-ha-menos-ano-reducao-preco-portagens-1962640
"Caso não ocorra qualquer demissão, passará a ocorrer um facto inédito em toda a democracia portuguesa: a direcção do Sistema de Informações da República Portuguesa (SIRP) deixará de ter a confiança do maior partido da oposição","Luís Montenegro, presidente do PSD",1,https://www.publico.pt/2023/06/09/politica/noticia/inedito-sirp-deixar-confianca-maior-partido-oposicao-2052775
"“Em termos jurídicos, tenho apenas uma condenação simples. Apenas uma. E essa condenação, ainda assim, está em apelo por um co-réu no Tribunal Constitucional. O que poderia significar, quase por absurdo, que se esse apelo do co-réu tivesse êxito, eu na verdade não teria neste momento qualquer condenação transitada em julgado”","João Rendeiro, ex-presidente do BPP, à CNN Portugal",0,https://www.publico.pt/2021/11/23/sociedade/noticia/joao-rendeiro-so-condenacao-simples-nao-nenhuma-condenacao-transitada-julgado-1986074
“A seguir vou comprar a Coca-Cola para pôr-lhe cocaína outra vez.”,"Elon Musk, líder da Tesla e da SpaceX",1,https://www.publico.pt/2022/04/29/ciencia/noticia/cocacola-ja-cocaina-elon-musk-2004284
"Segundo o PSD, o transporte de órgãos para transplante está a ser feito por carros normais de patrulha, mais lentos e menos seguros. A GNR confirma que a viatura em causa está para reparação, mas desmente que esta situação esteja a pôr em causa o transporte de órgãos.",NONE,1,https://www.publico.pt/2021/08/06/sociedade/noticia/viatura-altacilindrada-gnr-parada-ha-cinco-meses-oficina-transporte-orgaos-forma-lenta-menos-segura-1973323
"“Disse várias vezes que, seguramente, a seguir ao Natal nós iríamos ter maiores dificuldades.”","António Costa, primeiro-ministro, no programa Circulatura do Quadrado, TVI, 27 de Janeiro",1,https://www.publico.pt/2021/01/28/politica/noticia/sim-antonio-costa-ja-avisado-situacao-piorar-seguir-natal-1948341
"O Papa mudou de traje e agora usa um casaco puffer.
Uma fotografia do Papa Francisco num casaco puffer branco ficou viral nas redes sociais no fim-de-semana passado. Os internautas ficaram fascinados com os novos trajes do pontífice de 86 anos – até ter chegado a desilusão porque afinal era falsa e tinha sido gerada com Inteligência Artificial (IA).
Fizeram piadas, outras montagens e rapidamente concluíram que afinal o Papa não tinha mudado de roupa – era só mais uma demonstração do potencial da IA.",redes sociais,0,https://www.publico.pt/2023/03/28/impar/noticia/papa-mudou-traje-usa-casaco-puffer-2044100
"""Quando a procura cai, o que se deve fazer é tentar baixar o preço para vender mais. A Apetro diz que tem de aumentar o preço porque baixou o consumo""",João Pedro Matos Fernandes,1,https://www.publico.pt/2021/07/15/economia/noticia/empresas-petroliferas-aumentam-preco-combustiveis-procura-baixa-1970480
"“Não foi sequer o PS que chumbou os candidatos do Chega, foram mais de 80% dos deputados da Assembleia da República. Acho que é evidente que há forças democráticas que percebem que nas instituições, sempre que puderem, não deixarão passar interlocutores que são xenófobos, racistas, e antissistema democrático.”","Eurico Brilhante Dias, líder parlamentar socialista, em entrevista ao Diário de Notícias",1,https://www.publico.pt/2022/04/01/politica/noticia/vicepresidentes-chega-chumbados-80-parlamento-2000986
“O PSD votou sempre ao lado das moções de censura do CDS.”,"André Ventura, presidente e deputado do Chega",0,https://www.publico.pt/2022/07/08/politica/noticia/psd-votou-favor-mocoes-censura-cds-andre-ventura-2012933
"Temos dezenas de bicicletas que não podem ser vendidas devido a pequenos arranhões. Como ainda estão em bom estado, decidimos entregá-lo a todos que o compartilharam e escreveram “feito”. Antes de 15 de Agosto.","O anúncio do passatempo foi feito esta sexta-feira numa página do Facebook, intitulada Decathlon Fans.",0,https://www.publico.pt/2022/08/12/economia/noticia/decathlon-oferecer-bicicletas-arranhoes-le-facebook-2017053
"Este aumento [de pensões] não é aumento nenhum. É apenas uma devolução às pessoas daquele corte que António Costa fez no ano passado.Luís Montenegro, presidente do PSD",O contexto,1,https://www.publico.pt/2023/06/30/politica/noticia/aumento-intercalar-pensoes-devolucao-daquilo-ja-pago-2055302
"“Vou ler, vou interiorizar e não vou comentar porque eu nunca comento antigos Presidentes da República nem futuros Presidentes da República”.","Marcelo Rebelo de Sousa, Presidente da República",0,https://www.publico.pt/2022/06/03/politica/listicle/marcelo-fez-comentarios-antigos-presidentes-republica-2008791
“O último estudo é de 2019 e aponta para quase 30% das crianças com excesso de peso e obesidade. Vai ser publicado em breve o novo relatório e eu estou com receio de que os números sejam ainda piores porque houve a pandemia pelo meio. E na pandemia as crianças aumentaram bastante de peso.”,"Ana Vieira, nutricionista, em entrevista ao Expresso",1,https://www.publico.pt/2023/01/13/sociedade/noticia/tres-criancas-portuguesas-excesso-peso-2034977
Há milhares de emigrantes portugueses na Europa que voltaram a não receber a documentação necessária para votar na repetição das eleições.,Rui Rio,1,https://www.publico.pt/2022/03/18/politica/noticia/milhares-portugueses-emigrantes-europa-nao-receberam-boletim-voto-eleicoes-1999357
"México. Vídeo de avião a ser atingido nos confrontos com cartel de Sinaloa é verdadeiro.
This not Iraq or Afghanistan but Culiacán, Mexico today ?? pic.twitter.com/PGXP0GKZHE
O vídeo em questão foi partilhado em fóruns online ​e no Twitter, atingindo mais de 500 mil visualizações, além de ser divulgado pelo tablóide sérvio Kurir.",twitter,0,https://www.publico.pt/2023/01/06/mundo/noticia/mexicovideo-aviao-atingido-confrontos-cartel-sinaloa-verdadeiro-2034116
"“O XXIII Congresso Nacional do Partido Socialista vai realizar-se de forma presencial, a 28 e 29 de Agosto, na Portimão Arena, no Algarve. A decisão, aprovada por unanimidade, foi anunciada esta terça-feira pela COC – Comissão Organizadora do Congresso”. Comunicado da COC, de 11-8-2021",NONE,0,https://www.publico.pt/2021/08/14/politica/noticia/unanimidade-ps-realizacao-congresso-28-29-mes-1974016
“A ajuda pública estimada até 2024 [para a TAP] terá um impacto positivo na economia cerca de duas a três vezes superior até 2030”.,"Miguel Frasquilho, presidente do conselho de administração da TAP, no Parlamento, 23 de Fevereiro",1,https://www.publico.pt/2021/02/27/economia/noticia/ajuda-publica-tap-podera-impacto-positivo-economia-cerca-duas-tres-vezes-superior-ate-2030-1952292
"Wow! Parece que antes de ser despedido, um funcionário do Twitter terá suspendido a conta do Elon Musk",twitter,0,https://www.publico.pt/2022/11/08/tecnologia/noticia/prova-factos-conta-elon-musk-suspensa-twitter-apos-despedimentos-2026972
"Nova lei “não proíbe a entrada a menores, que podem continuar a frequentar os espectáculos [tauromáquicos] (…) O que foi aprovado é uma alteração de classificação etária, e não uma proibição de acesso de menores”.","Secretário-geral da Protoiro, a Federação Portuguesa de Tauromaquia",0,https://www.publico.pt/2021/10/20/sociedade/noticia/nova-lei-nao-proibe-entrada-menores-espectaculos-tauromaquicos-1981888
"Os senhores [vigilantes] vieram aqui depor e já estão a ser constituídos arguidos num processo porque o senhor Duarte Laja [inspector do SEF, arguido] já foi notificado para prestar declarações nesse processo. E esse processo não tem que ver com o processo que foi instaurado aqui [pelos advogados, por falsas declarações].","Ricardo Serrano Vieira, advogado    ",0,https://www.publico.pt/2021/04/14/sociedade/noticia/segurancas-prestibel-arguidos-causa-morte-ihor-1958504
"“A Xiaomi está a vender o resto da Mi Electric Scooter por €1,99 devido ao lançamento de uma nova versão.”",Página “Authorized Reseller” no Facebook,0,https://www.publico.pt/2022/02/10/tecnologia/noticia/xiaomi-vender-trotinetes-menos-dois-euros-facebook-1995051
"Os apoios que eram para chegar no início de Setembro chegaram hoje de manhã, na data limite","José Gouveia, presidente da Associação Nacional de Discotecas, no dia 30 de Setembro",0,https://www.publico.pt/2021/10/01/politica/noticia/apoios-bares-discotecas-chegaram-ultimo-dia-prazo-1979581
"“Foi na envolvente dos Passadiços do Paiva, junto à cascata das Aguieiras, que nasceu a 516 Arouca, mais uma obra singular que faz da região uma referência global. A maior ponte pedonal suspensa do mundo liga as duas margens, 175 metros acima do rio Paiva.”",Site oficial da ponte 516 Arouca,0,https://www.publico.pt/2021/05/06/local/noticia/maior-ponte-suspensa-mundo-arouca-1961354
Qual é a pegada ecológica da ida do Mário Ferreira ao espaço? Quais são os custos para o planeta das viagens turísticas ao espaço destes milionários? 75 toneladas (t) de CO2 por tripulante.,"​Esta questão levantada na rede social Twitter suscitou algumas respostas contrárias, incluindo a afirmação de que cada passageiro custa 75 toneladas de dióxido de carbono (CO2)​.",0,https://www.publico.pt/2022/08/08/ciencia/noticia/viagem-mario-ferreira-espaco-gastou-75-toneladas-co2-tripulante-twitter-2016497
"“Tenho pena que o Presidente da República tenha ido ao Qatar e nunca a Odemira. Em Portugal, não há falta de questões de direitos humanos para onde olhar”","Ana Gomes, ex-eurodeputada do PS",1,https://www.publico.pt/2022/12/02/politica/noticia/marcelo-qatar-tempo-ir-odemira-2029962
"[Há dois anos, a vontade da Iniciativa Liberal em relação à posição a ocupar no hemiciclo] “nem foi considerada e foi dado como facto consumado”",Fonte oficial da IL à agência Lusa,1,https://www.publico.pt/2022/02/11/politica/noticia/iniciativa-liberal-ja-pedido-sentar-centro-hemiciclo-ha-dois-anos-1995184
"“Os tradutores e intérpretes [afegãos] que trabalharam connosco têm o direito de trazer uma esposa, no caso de haver mais do que uma, como acontece, por vezes, no Afeganistão”João Gomes Cravinho",O contexto,1,https://www.publico.pt/2021/08/28/politica/noticia/refugiados-afegaos-podem-trazer-esposa-1975481
"“Quando dizíamos que para limitar contágios, o que tínhamos era a direita parlamentar a querer abrir restaurantes à tarde e comércio ao fim de semana (…) A alternativa não estava no que dizia o dr. Rui Rio de ter restaurantes abertos”.","Ministro da Administração Interna, Eduardo Cabrita, Assembleia da República, 13 de Janeiro",0,https://www.publico.pt/2021/01/16/politica/noticia/rui-rio-defendeu-abertura-restaurantes-13h-finsdesemana-1946516
"“Convido a ver as declarações que o líder da oposição [Rui Rio] fez. Ainda no início da semana passada, a discussão era que os restaurantes não devem fechar à uma”.","Primeiro-ministro António Costa, TVI, 14 de Janeiro",0,https://www.publico.pt/2021/01/16/politica/noticia/rui-rio-defendeu-abertura-restaurantes-13h-finsdesemana-1946516
"“Nesta terceira vaga conseguimos trazer com grande sacrifício, determinação e persistência, de dias em que chegámos a ser os piores do mundo para a situação em que hoje nos encontramos, em que no espaço europeu só a Islândia está melhor que Portugal”.",O contexto,1,https://www.publico.pt/2021/04/02/politica/noticia/so-islandia-melhor-portugal-indicadores-controlo-pandemia-1956932
“Um dos objectivos do programa eleitoral do PSD é revogar a Lei de Bases da Saúde.”,"António Costa, no domingo, na SIC, durante o frente-a-frente com o líder do CDS, Francisco Rodrigues dos Santos",1,https://www.publico.pt/2022/01/10/politica/noticia/psd-promete-programa-eleitoral-revogar-recente-lei-bases-saude-1991335
The fake “arrest” of Greta Thunberg in Germany today. It's all a theater ??pic.twitter.com/7PbwgURHF5— Dr.," Eli David (@DrEliDavid) January 17, 2023",0,https://www.publico.pt/2023/01/26/azul/noticia/detencao-greta-thunberg-durante-protesto-alemanha-encenada-2036499
"Há muitos anos que o Regime Geral de Urbanização e de Edificação prevê a posse administrativa para efeitos de reabilitação e até o arrendamento forçado. Mais recentemente, a lei número 31 de 2014 (...) diz o seguinte: os edifícios e as fracções autónomas objecto de acção de reabilitação podem ser sujeitos a arrendamento forçado nos casos e nos termos previstos na lei. E, devo dizer-lhe, este diploma de 2014 foi assinado não por três marxistas ignorantes, mas por três pessoas sábias e creio que nenhuma delas marxista. Foi assinado, em primeiro lugar, pela presidente da Assembleia da República de então, Maria Assunção Esteves, uma pessoa sábia e duvido que marxista. Foi promulgado pelo professor doutor Aníbal Cavaco Silva, sábio dos sábios e, creio, seria uma enorme injustiça dar-lhe qualquer veleidade de marxista. E, finalmente, foi referendado pelo não menos sábio Pedro Passos Coelho, que, seguramente, não é marxista.","Primeiro-ministro, António Costa, em debate na Assembleia da República, a 22 de Março",1,https://www.publico.pt/2023/03/24/economia/noticia/arrendamento-forcado-ja-existe-ha-anos-costa-2043680
"“Aliás, se olharmos para aquilo que é o estudo do SICAD [Serviço de Intervenção nos Comportamentos Adictivos e Substâncias], que é o organismo público que tem responsabilidade de olhar para este assunto, no universo mais vasto dos jogos a dinheiro, a raspadinha é a que representa a taxa mais baixa do jogo patológico, curiosamente.”","Edmundo Martinho, provedor da Santa Casa de Misericórdia",1,https://www.publico.pt/2021/06/22/sociedade/noticia/raspadinha-representa-taxa-baixa-jogo-patologico-1967375
Fiquei hoje [terça-feira] a saber que o Futebol Clube do Porto recebeu 400 mil euros da UEFA pela cooperação na organização da final da Champions League. Quem diria!,Edite Estrela,1,https://www.publico.pt/2021/06/09/desporto/noticia/fc-porto-recebeu-400-mil-euros-realizar-final-liga-campeoes-1965856
O senhor [Joaquim Miranda Sarmento] defendeu em 2019 a reposição IVA da restauração para 23%.,António Costa,1,https://www.publico.pt/2022/07/20/politica/noticia/lider-parlamentar-psd-defendeu-aumento-iva-restauracao-23-2014389
"""11 motoristas só no gabinete [do primeiro-ministro]”","Iniciativa Liberal, sobre o número de motoristas do gabinete de António Costa",1,https://www.publico.pt/2022/07/29/politica/noticia/gabinete-primeiroministro-11-motoristas-afirma-il-2015349
"O sexo passou a ser uma modalidade desportiva na Suécia.
Ao longo desta semana, surgiram, na rede social Twitter e noutras plataformas, publicações de vários órgãos de comunicação da Índia a noticiar que a Suécia se teria tornado no primeiro país do mundo a declarar o sexo como uma modalidade desportiva. Nestas publicações, refere-se ainda a realização de um “muito antecipado” Campeonato Europeu do Sexo, criado pela Federação de Sexo da Suécia, a 8 de Junho, em Gotemburgo.
O campeonato, lê-se, inclui sessões de sexo de 40 a 45 minutos, em que os concorrentes tinham as suas performances avaliadas com base em critérios como a capacidade de comunicação, a química entre o casal, o conhecimento sobre sexo e o nível de resistência física. A escolha dos vencedores é feita por um painel de jurados e pelo público.",twitter,0,https://www.publico.pt/2023/06/06/p3/noticia/sexo-passou-modalidade-desportiva-suecia-2052434
"Atletas juntaram-se no pódio em protesto contra a participação da nadadora transgénero Lia Thomas.
???? Female swimmers beaten by transgender athlete stage podium protest at ‘unfair’ result?? Good on them. Totally unfair and outrageous. There is a good reason why some sports have men and women segregated. pic.twitter.com/4z3f0zoBG0
No dia 17 de Março, Lia Thomas venceu a prova de 500 jardas (cerca de 457 metros) livres organizada pela Associação Desportiva das Universidades Norte-americanas (NCAA), tornando-se assim a primeira mulher transgénero a conseguir este feito. Thomas competira nas provas masculinas da NCAA durante os três anos anteriores e foi autorizada pela NCAA a competir este ano contra mulheres. A atleta da Universidade da Pensilvânia está a passar por um processo de substituição hormonal há quase três anos.",twitter,0,https://www.publico.pt/2022/03/23/edicoes-publico/noticia/atletas-juntaramse-podio-protesto-participacao-nadadora-transgenero-lia-thomas-1999871
"“Em Espanha, o salário mínimo está a caminho dos mil euros.”","Jerónimo de Sousa, secretário-geral do PCP",1,https://www.publico.pt/2021/10/26/politica/noticia/salario-minimo-espanha-caminho-mil-euros-jeronimo-sousa-1982598
"“Pedro Pinho é portista, é sócio do FC Porto e não tem nenhum cargo no FC Porto. É empresário de futebol e trabalha com muitos clubes e não só com o FC Porto”","Jorge Nuno Pinto da Costa, presidente do FC Porto",1,https://www.publico.pt/2021/04/29/desporto/noticia/empresario-pedro-pinho-ligacoes-fc-porto-1960544
"“O tribunal considerou os serviços mínimos ilegais [em 2018], o Ministério da Educação recorreu, mas foi novamente considerado ilegal.”","Mário Nogueira, secretário-geral da Fenprof",1,https://www.publico.pt/2023/02/16/sociedade/noticia/2018-tribunal-considerou-servicos-minimos-ilegais-mario-nogueira-2039188
"“Como é que é possível que se pratique preços numa carreira regular de transporte de aviação, de 900 e tal quilómetros, a preços de 1083 euros?”","Miguel Albuquerque, presidente do Governo Regional da Madeira, 15 de Novembro de 2021",1,https://www.publico.pt/2021/11/16/economia/noticia/voos-tap-continente-madeira-custam-1083-euros-1985214
"“Refira-se que o direito de manifestação não está (e não pode estar) sujeito, nos termos da Constituição, a qualquer autorização ou condicionamento por parte das câmaras municipais”","Luís Newton, citando Fernando Medina em Maio de 2021",1,https://www.publico.pt/2023/05/19/politica/noticia/manifestacoes-dispensam-autorizacao-camaras-2050292
"Portugal tem a maior reserva de lítio da Europa e a oitava maior do mundo, com mais de 60 mil toneladas de reservas.","António Costa, primeiro-ministro",1,https://www.publico.pt/2023/04/14/azul/noticia/portugal-maior-reserva-litio-europa-2046111
"“Aquilo que está a dificultar não é nada do campo político, mas sim do campo técnico e económico [porque] há uma assimetria de impacto das sanções. Portugal, por exemplo, não teria nenhuma dificuldade em fechar amanhã a torneira do gás ou do petróleo russo”.","Afirmação do ministro dos Negócios Estrangeiros, João Gomes Cravinho, citado pela Agência Lusa.",1,https://www.publico.pt/2022/05/16/economia/noticia/portugal-nao-nenhuma-dificuldade-fechar-torneira-gas-petroleo-russo-2006395
"“Já me tinha deslocado a países vários com votos contra [de deputados], por haver a ideia, daqueles que votavam contra minoritariamente, de que não sendo democracias, não fazia sentido lá ir ou que qualquer contacto seria uma legitimação”.","Marcelo Rebelo de Sousa, Presidente da República",1,https://www.publico.pt/2022/11/23/politica/noticia/deputados-ja-votaram-varias-vezes-viagens-marcelo-2028853
"“Este Governo passou [à TAP], em 2016, dois milhões de euros [para garantir que ficava com 50% do capital]. Em 2017, 55 milhões de euros; [em] 2020, 1,2 mil milhões; em 2021, no Orçamento do Estado, 970 milhões; [em] 2022, anunciado pelo senhor ministro das Finanças, mais mil milhões. Programados já estão, para o mesmo 2022, 500 milhões de um aval [ligados a uma responsabilidade financeira, que] de certeza que a TAP não vai pagar… em 2023, mais 400 milhões de euros de outro aval que a TAP não vai pagar e, em 2024, 400 milhões de euros de outro aval, que a TAP não vai pagar. Sem avales, 3,2 mil milhões, e o que conta, com avales, que é aquilo que vamos pagar, 4,5 mil milhões de euros”.","Rui Rio, deputado e presidente do PSD, no Parlamento, no dia 7 de Outubro de 2021",0,https://www.publico.pt/2021/10/08/economia/noticia/tap-vai-precisar-45-mil-milhoes-euros-estado-1980369
"“Até aí [crise dos professores no início de Maio de 2019], estávamos nas sondagens pratica e tecnicamente empatados com o PS”","Paulo Rangel, em entrevista à RR dia 15",1,https://www.publico.pt/2021/11/17/politica/noticia/ps-psd-empatados-sondagens-ate-2019-1985318
"“Tudo o que fazemos com 30% do plantel da equipa B, outros 40% que vieram de equipas médias como Santa Clara, P. Ferreira, Famalicão, Rio Ave... E depois o meu mérito é zero”","Sérgio Conceição, treinador do FC Porto",0,https://www.publico.pt/2023/03/16/desporto/noticia/fc-porto-plantel-composto-30-jogadores-equipa-b-40-futebolistas-vieram-equipas-medias-2042561
"Jornalista passou a usar véu islâmico e abaya após entrada dos taliban em Cabul.
Na primeira imagem, um frame retirado de uma emissão realizada na semana passada – quando os taliban ainda não tinham entrado na capital do Afeganistão –, Clarissa Ward está vestida com cores vibrantes, com um lenço ao pescoço e a cabeça completamente descoberta.
Na segunda imagem, já captada após os taliban terem conquistado a cidade e assumido o poder, Clarissa Ward aparece com o véu islâmico: vestida de preto, a jornalista tapou a cabeça, ocultando o cabelo e ficando apenas com a cara, mãos e pés visíveis.",,0,https://www.publico.pt/2021/08/17/mundo/noticia/jornalista-passou-usar-veu-islamico-abaya-apos-entrada-taliban-cabul-1974349
"embora pouco diferenciados, os preços médios de gasolinas 95 e gasóleos simples revelam algumas diferenças regionais
em Agosto, a diferença de valor entre o preço médio nacional e o preço médio nos distritos portugueses para a gasolina simples 95 e gasóleo simples é genericamente mais elevada nos distritos de Bragança, Beja, Lisboa e Faro",,1,https://www.publico.pt/2021/10/14/economia/noticia/preco-gasolina-ultimate-chegou-2-euros-litro-beja-1981040
"""Em sete anos de governação socialista, o número de trabalhadores a recibos verdes aumentou cerca de 14% na Administração Pública""",Requerimento do PSD entregue no Parlamento,1,https://www.publico.pt/2023/04/07/politica/noticia/recibos-verdes-estado-aumentaram-14-2045319
"A política francesa Marlène Schiappa posou nua ou em lingerie para a Playboy.
Marlène Schiappa, secretária de Estado da primeira-ministra francesa, responsável pela Economia Social e Solidária e Vida Associativa, explicou, a 1 de Abril, através das redes sociais que posou para a revista Playboy para “defender o direito das mulheres a controlarem os seus corpos”, afirmando que, em França, as “mulheres são livres”.
A notícia saiu no dia 31 de Março, no Le Parisien, em vésperas do Dia das Mentiras e no dia a seguir a ser conhecida uma investigação da France Télévision que dá conta de desvios de dinheiro do fundo Marianne, que Schiappa tinha criado após o assassinato de Samuel Paty. As imagens da capa da revista trimestral estão sob embargo, mas depressa começaram a circular fotografias, algumas divulgadas pela BFM TV. Problema: nenhuma delas (ou quase) corresponde à realidade.
Há apenas uma imagem que poderá ser real: a que mostra o título da Playboy a azul, branco e vermelho, as cores da bandeira de França, e o rosto da secretária de Estado sobre um fundo azul-escuro. A partir daí, foi feita uma montagem que uniu o rosto de Marlène Schiappa ao corpo de uma modelo com roupa interior, saído de um banco de imagens — a criação é de um utilizador do Twitter, para o Dia das Mentiras, que nunca negou o facto de a imagem ser falsa; mas a “piada” chegou aos media franceses como notícia. Noutra montagem, a secretária de Estado surge num vestido branco que lhe marca o corpo. A BFM TV lançou ainda outras imagens, mas na maioria são visíveis edições.",twitter,0,https://www.publico.pt/2023/04/04/impar/noticia/politica-francesa-marlene-schiappa-posou-nua-lingerie-playboy-2044934
"O líder do PSD afirmou que o Governo quer que, dos impostos dos portugueses, “paguem ao Dr. Pedro Adão e Silva mais de 300 mil euros para organizar ou ajudar a organizar as comemorações” dos 50 anos do 25 de Abril. “Considero isto absolutamente escandaloso e considero mesmo que se pode ler que é um pagamento pelos serviços prestados ao Partido Socialista com os impostos dos portugueses”, acusou. Por outro lado, Rui Rio referiu-se à indicação da deputada do PS Ana Paula Vitorino para presidir à Autoridade da Mobilidade e dos Transportes (AMT), “com um salário ainda maior”.",Rui Rio,1,https://www.publico.pt/2021/06/11/economia/noticia/ana-paula-vitorino-ira-salario-maior-pedro-adao-silva-rui-rio-1966168
"[O Dínamo Kiev] Tem um treinador, Mircea Lucescu, que é o mais titulado do mundo no activo?","Jorge Jesus, treinador do Benfica.",1,https://www.publico.pt/2021/09/13/desporto/noticia/treinador-dinamo-kiev-mircea-lucescu-treinador-titulos-ganhos-actividade-1977311
"“Os incêndios só ocorrem se uma mão humana, voluntariamente ou por distracção, os tiver provocado.”","António Costa, primeiro-ministro",0,https://www.publico.pt/2022/07/13/azul/noticia/unico-responsavel-incendios-accao-humana-antonio-costa-2013363
"Uma publicação partilhada nesta quarta-feira no Twitter dava conta de que o movimento The Tyre Extinguishers, que se caracteriza por esvaziar os pneus dos veículos SUV e 4x4, tinha chegado a Portugal. Um internauta divulgou duas imagens, nas quais era visível um carro com os pneus esvaziados e um papel colocado no pára-brisas, assinado pelo grupo internacional de activistas pelo clima. ""Esvaziámos um ou mais dos teus pneus"" porque ""conduzir este veículo gigante em áreas urbanas tem consequências para as outras pessoas"", pode ler-se no documento deixado na viatura. As fotografias geraram comentários de indignação nas redes sociais.",twitter,1,https://www.publico.pt/2023/06/01/azul/noticia/grupo-internacional-activistas-esvazia-pneus-carros-suv-chegou-portugal-2051821
"""Uma coisa é uma prerrogativa que o partido tem, outra é a eleição. É um cargo electivo que tem que passar pelo crivo positivo dos colegas parlamentares. É assim também no Parlamento Europeu.","Rui Tavares, referindo-se ao direito de os partidos indicarem um vice-presidente da Assembleia da República (AR)",1,https://www.publico.pt/2022/02/04/politica/noticia/candidaturas-vicepresidentes-pe-aprovadas-1994344
"""Fala de contingentes quando os contingentes estiveram suspensos durante muitos anos, designadamente por decisão do Governo de que fez parte [Carlos Moedas] e porque a taxa de desemprego atingiu então praticamente 18%.""","Eurico Brilhante Dias, líder parlamentar do PS",1,https://www.publico.pt/2023/02/10/politica/noticia/contingentes-imigrantes-suspensos-decisao-governo-moedas-fez-parte-2038395
"“Ainda hoje com Espanha reafirmámos a decisão de, apesar de os níveis da pandemia de um lado e de outro da fronteira permitirem a reabertura, manter a fronteira encerrada para conter as tradicionais deslocações de Semana Santa.”","António Costa, primeiro-ministro",1,https://www.publico.pt/2021/03/12/politica/noticia/sair-pais-partir-segundafeira-1954172
"“Não mudei de endereço pessoal, razão pela qual não me sinto obrigado a comunicar ao tribunal nada mais que não seja o meu termo de residência”",José Sócrates à CNN,0,https://www.publico.pt/2022/05/20/sociedade/noticia/jose-socrates-ausentarse-pais-comunicar-tribunal-2007031
Nunca propus um acordo parlamentar por apenas dois anos. Disse que devia ser de quatro e que se podia avaliar a meio.,António Costa,1,https://www.publico.pt/2021/12/28/politica/noticia/rui-rio-propos-acordo-parlamentar-dois-anos-ps-argumenta-proprio-1990117
"O carro de Cristiano Ronaldo esteve recentemente estacionado em Alvalade.
As últimas semanas têm sido ricas em especulação quanto ao futuro de Cristiano Ronaldo no Manchester United. No início do mês, a imprensa inglesa avançou que o internacional português pediu ao clube britânico para sair, desejando jogar num clube que dispute a Liga dos Campeões.
Apesar de o treinador do United, Erik ten Hag, ter dito que Ronaldo “não está à venda” e que conta com o futebolista para a próxima temporada, uma possível saída de Manchester continua a motivar atenção. Um dos rumores que ganhou força foi o de um regresso por empréstimo do jogador de 37 anos ao Sporting, que com o segundo lugar no campeonato passado garantiu a entrada directa na fase de grupos da Liga dos Campeões.
Este fim-de-semana, circulou nas redes sociais uma fotografia de um carro, no parque de estacionamento do Estádio José Alvalade, que pertencerá a Ronaldo – isto dias depois de Georgina Rodriguez, companheira do português, ter sido fotografada às compras em Lisboa.",redes sociais,0,https://www.publico.pt/2022/07/18/desporto/noticia/carro-cristiano-ronaldo-recentemente-estacionado-alvalade-2014101
"As companhias aéreas russas foram obrigadas a parar de vender bilhetes a homens entre os 18 e os 65 anos.
A informação de que as companhias aéreas de Moscovo tinham sido obrigadas a parar de vender bilhetes a cidadãos russos entre os 18 e os 65 anos começou a difundir-se nas redes sociais na manhã da passada quarta-feira. A informação espalhou-se após o discurso de Vladimir Putin, no qual anunciou uma mobilização militar parcial, que irá levar 300 mil reservistas para a guerra na Ucrânia.
De acordo com a legislação russa, homens e mulheres com idades compreendidas entre os 18 e os 60 anos podem, teoricamente, ser chamados para combater, como reservistas de acordo com a legislação russa, de acordo com a sua patente. Pouco tempo depois do anúncio de Putin, disparou a venda de bilhetes de avião para deixar a Rússia, o que suscitou receios de que alguns homens em idade de lutar não fossem autorizados a deixar o país, avançou a agência Reuters.",redes sociais,0,https://www.publico.pt/2022/09/22/mundo/noticia/companhias-aereas-russas-obrigadas-parar-vender-bilhetes-homens-18-65-anos-2021523
"“Em vez de reduzir as portagens em 50%, o Governo recorreu a uma patranha no sentido de apenas reduzir portagens, na maioria dos troços ou sublanços, entre 42% e 48%”","Carlos Peixoto, vice-presidente da bancada parlamentar do PSD.",1,https://www.publico.pt/2021/07/03/politica/noticia/governo-nao-diminuiu-preco-portagens-lei-1968888
"A Mercadona está a oferecer vouchers no valor de 500 euros.
A página Mercadona Fans foi criada no dia 20 de Fevereiro – o mesmo dia em que a publicação foi divulgada. É prometido um voucher de 500 euros às primeiras 200 pessoas que conseguirem adivinhar o número de patos na imagem. O dinheiro, assegura-se, poderá ser gasto em qualquer supermercado Mercadona. A publicação foi partilhada mais de 300 vezes e mais de 1000 pessoas comentaram com o número de patos que conseguem identificar.
Entretanto, a página começou a responder a alguns comentários, reencaminhando as pessoas para um site. No dia 21, outra publicação: um link que reencaminha o utilizador para o site, que tem, no topo, o logótipo do Mercadona e incentiva a fazer um registo. Mais uma vez, promete um voucher de 500 euros nas lojas Mercadona Portugal, caso seja concluído com sucesso.",,0,https://www.publico.pt/2023/02/23/economia/noticia/mercadona-oferecer-vouchers-valor-500-euros-2040046
"“Se for ao Reino Unido, o sistema está diversificado, sobretudo aquilo que é a medicina familiar, que tem um nível de formação menos exigente do que a formação de médicos especialistas.”",Manuel Heitor,0,https://www.publico.pt/2021/09/05/sociedade/noticia/formacao-medicos-familia-reino-unido-menos-exigente-noutras-especialidades-1976381
“É uma mancha na credibilidade e na seriedade do discurso do PSD”,,1,https://www.publico.pt/2020/11/28/politica/noticia/verdade-rio-mudou-posicao-portagens-1940961
“Não há mais vacinas disponíveis no mercado mundial”,"Marta Temido, podcast do PS",0,https://www.publico.pt/2020/11/21/sociedade/noticia/governo-vacina-nao-1940055
“Foi abandonado [na Casa do Douro] o modelo de livre inscrição e regulação pelo próprio sector para um modelo estatizante que é igual ao modelo do Estado Novo”,Assunção Cristas,1,https://www.publico.pt/2019/09/26/politica/noticia/verdade-casa-douro-vai-voltar-sistema-igual-vigorava-tempo-estado-novo-1887974
"“Depois de terminar a sua parceria com alguns países, a marca americana Samsonite está a vender o seu stock restante por apenas 1,99€ para promover o novo modelo de mala em Portugal”",facebook,0,https://www.publico.pt/2022/11/28/tecnologia/noticia/samsonite-vender-malas-dois-euros-portugal-sair-mercado-russo-2029035
"“Demonstre respeito pela religião e cultura do povo do Qatar, evitando estes comportamentos: “beber álcool, homossexualidade, falta de modéstia, [dizer] palavrões, não respeitar locais de culto, [colocar] música e sons altos, namorar e tirar fotografias de pessoas sem permissão”.",redes sociais,0,https://www.publico.pt/2022/10/07/desporto/noticia/cartaz-comportamentos-evitar-mundial-2022-qatar-oficial-2023132
“Só por três vezes um partido que estava no Governo ganhou as eleições europeias”,", António Costa, primeiro-ministro",1,https://www.publico.pt/2023/02/03/politica/noticia/so-tres-partidos-ganharam-europeias-governo-2037365
"Na início da semana, pouco depois de os taliban terem tomado a cidade de Cabul, uma imagem de um avião da força-aérea norte-americana foi amplamente partilhada nas redes sociais.",redes sociais,1,https://www.publico.pt/2021/08/20/mundo/noticia/imagem-aviao-forca-aerea-norteamericana-transportar-centenas-pessoas-afeganistao-verdadeira-1974762
"O acordo do PSD com o Chega é só regional.
Desde que foi feito o acordo entre PSD e Chega nos Açores que Rui Rio tem sempre insistido que a negociação que levará os deputados eleitos pelo Chega a viabilizar um governo liderado pelo PSD nos Açores é de exclusivo carácter regional.
Na conferência de imprensa de 10 de Novembro Rui Rio enumerou os quatro pontos: fazer uma proposta para a redução dos deputados regionais, baixar a incidência da subsidiodependência nos Açores (Rui Rio referiu o Rendimento Social de Inserção – a que chamou pelo nome anterior, rendimento mínimo garantido, interrogando para responder aos críticos: “É uma proposta fascista baixar o número de pessoas com rendimento mínimo garantido?”.
O terceiro ponto do acordo é a criação de um gabinete de luta contra a corrupção e o quarto ponto o reforço da autonomia dos Açores.",comunicado do PSD,0,https://www.publico.pt/2020/11/14/politica/noticia/prova-factos-acordo-psd-chega-so-regional-1939196
"“Se compararmos com o resto da Europa, a taxa é positiva no ranking europeu, mas isso não significa que cobre todas as pessoas.”",,1,https://www.publico.pt/2022/09/02/sociedade/noticia/taxa-cobertura-creches-portugal-positiva-comparada-resto-europa-2019207
"Desde Fevereiro de 2007 que o PCP tem vindo a propor a criminalização do enriquecimento injustificado. Ao longo de vários anos e legislaturas, as propostas do PCP contaram sempre com os votos contra do PS, do PSD e do CDS.","João Oliveira, líder parlamentar do PCP",1,https://www.publico.pt/2021/04/17/politica/noticia/enriquecimento-ilicito-proposto-pcp-contou-votos-ps-psd-cds-1958835
"“Honrei a minha palavra. Ao longo destes dois anos, várias vezes o doutor Rui Rio disse que estava disponível para negociar. Mas eu o que disse aos cidadãos, aos eleitores é que o mandato que tínhamos era prosseguir a geringonça.”",,1,https://www.publico.pt/2022/01/05/politica/noticia/costa-preferiu-negociar-geringonca-nao-psd-orcamentos-estado-1990813
"“O senhor primeiro-ministro falou em educação. Como é que pode vir a esta câmara falar sobre educação quando o seu orçamento tem um artigo sobre educação, um artigo sobre educação. Como é que quer dar aos portugueses um sinal de que quer apostar efectivamente na educação quando o seu orçamento tem zero sobre educação?",André Ventura,0,https://www.publico.pt/2021/10/26/politica/noticia/orcamento-estado-2022-apenas-artigo-educacao-andre-ventura-1982628
"“As próprias Forças Armadas detectaram e, mal detectaram, comunicaram às autoridades judiciárias para tomarem as providências necessárias”.","António Costa, 8 de Novembro 2021",1,https://www.publico.pt/2021/11/09/politica/noticia/forcas-armadas-detectaram-suspeitas-republica-centroafricana-1984235
"O que se fazia era enviar uma informação, quer para as forças de segurança quer eventualmente para as embaixadas, mas nunca com os dados das pessoas. Só a dizer que vai haver uma manifestação no dia tanto, às tantas horas, durante este período, mas nunca se enviou com os dados concretos das pessoas que tinham solicitado a manifestação.","António Galamba, último governador civil de Lisboa",0,https://www.publico.pt/2021/06/19/local/noticia/governo-civil-lisboa-nao-enviava-dados-manifestantes-embaixadas-1967078
"Catarina Martins foi a primeira a sugerir um acordo de esquerdas para uma governação.
Catarina Martins, em entrevista à CNN Portugal, 29-12-2021
A frase da líder do BE sugere que ela foi a primeira a avançar com a possibilidade da criação de um acordo esquerdas que viabilizasse um Governo PS, como viria a acontecer depois da eleição legislativa de 2015. O PSD ganhou sem maioria e, depois de Jerónimo de Sousa, na noite eleitoral, ter sugerido que também estaria disponível para um acordo, António Costa conseguiu um acordo escrito com BE, PCP e PEV que lhe permitiu governar por quatro anos.",,1,https://www.publico.pt/2021/12/31/politica/noticia/catarina-martins-primeira-sugerir-acordo-esquerdas-governacao-1990338
"“Nós vamos chegar ao grau de imunização dos ingleses mais ou menos ao mesmo tempo do que eles""","António Costa em entrevista ao Jornal de Notícias, Diário de Notícias e TSF",1,https://www.publico.pt/2021/05/02/sociedade/noticia/vamos-chegar-grau-imunizacao-ingleses-menos-tempo-tal-costa-1960852
“Não foi demitido por coisa nenhuma dessas. Passou à reserva por limite de idade”,"Marcelo Rebelo de Sousa, Presidente da República",0,https://www.publico.pt/2021/01/02/politica/noticia/chefe-casa-militar-marcelo-deixar-cargo-passou-reserva-1944676
"Após um levantamento detalhado da agenda da competição, constatamos que o Vitória Sport Clube se encontrará, até à 22.ª jornada, no topo dos clubes com mais jogos efectuados a uma segunda-feira (...)",Excerto da carta aberta enviada pela AVS à Liga portuguesa de futebol,1,https://www.publico.pt/2023/01/27/desporto/noticia/vitoria-clubes-jogos-liga-segundafeira-2036715
"“Nós esforçámo-nos por fazer alguma renovação [nas listas de deputados]. Vão sair alguns deputados que estavam lá há mais de 20, 30, quase 40 anos em alguns casos.”",,1,https://www.publico.pt/2021/12/10/politica/noticia/renovacao-bancada-parlamentar-rui-rio-1988099
"“Não vimos nelas [tomadas de posição de Suzana Garcia] algo que não pudesse ser admitido no âmbito da pluralidade de opiniões deste partido”. José Silvano, secretário-geral do PSD",". José Silvano, secretário-geral do PSD",1,https://www.publico.pt/2021/04/10/politica/noticia/prova-factos-declaracoes-suzana-garcia-inseremse-pluralidade-psd-1957947
